TicketID,CreatedDate,ResolvedDate,Priority,AssignedTeam,Subject
7759c5f7,2024-11-05 20:00:00,2024-11-08 09:00:00,Medium,Support B,Login Issue
53f7730c,2025-05-13 14:00:00,2025-05-15 21:00:00,Low,Support B,Login Issue
513f0b19,2025-05-06 18:00:00,2025-05-11 19:00:00,Low,Support A,Feature Request
0ec19071,2025-05-05 07:00:00,2025-05-08 09:00:00,Critical,Support C,Connectivity
ef8b4792,2025-03-07 04:00:00,2025-03-09 00:00:00,High,Support A,Feature Request
ae26a0ff,2025-02-06 20:00:00,2025-02-07 21:00:00,Critical,Support A,Connectivity
81fdcc88,2025-05-27 22:00:00,2025-05-28 07:00:00,High,Support B,Error Message
45dfd59e,2025-06-19 01:00:00,2025-06-21 05:00:00,High,Support A,Slow Performance
b7e3a3c8,2024-10-20 10:00:00,2024-10-21 15:00:00,High,Support B,Connectivity
29f29149,2025-05-11 06:00:00,2025-05-11 19:00:00,Medium,Support C,Login Issue
f454f09a,2025-04-03 10:00:00,2025-04-04 18:00:00,Critical,Support C,Feature Request
ae889e9b,2025-05-21 10:00:00,2025-05-22 08:00:00,High,Support C,Error Message
66d691da,2025-06-17 15:00:00,2025-06-21 07:00:00,Low,Support A,Login Issue
18c62cf1,2025-02-21 12:00:00,2025-02-24 09:00:00,Medium,Support B,Error Message
879e2e45,2025-02-10 03:00:00,2025-02-12 02:00:00,Critical,Support C,Slow Performance
0b75ed48,2025-01-30 15:00:00,2025-02-03 02:00:00,High,Support B,Feature Request
45b14973,2024-10-06 10:00:00,2024-10-08 11:00:00,Low,Support B,Feature Request
12906172,2024-12-10 05:00:00,2024-12-11 08:00:00,Critical,Support C,Slow Performance
a0faf641,2024-11-02 01:00:00,2024-11-05 13:00:00,Critical,Support C,Feature Request
820dbae8,2025-01-08 15:00:00,2025-01-11 03:00:00,Medium,Support B,Connectivity
cb1cd7a6,2025-05-22 19:00:00,2025-05-23 18:00:00,Critical,Support C,Error Message
b9395273,2025-01-10 09:00:00,2025-01-12 04:00:00,Medium,Support B,Login Issue
eda6df66,2025-05-10 07:00:00,2025-05-11 09:00:00,High,Support B,Slow Performance
94842ffe,2025-04-29 11:00:00,2025-04-30 01:00:00,Medium,Support C,Connectivity
5b490144,2025-06-25 12:00:00,2025-06-28 10:00:00,Low,Support A,Login Issue
ee348d29,2024-11-19 08:00:00,2024-11-23 05:00:00,Medium,Support C,Login Issue
2b9c07e5,2025-04-08 19:00:00,2025-04-09 09:00:00,Low,Support A,Slow Performance
3496035e,2025-02-19 01:00:00,2025-02-21 14:00:00,Medium,Support B,Connectivity
0e020556,2025-03-21 13:00:00,2025-03-22 21:00:00,Critical,Support B,Login Issue
9af9bf79,2025-06-24 12:00:00,2025-06-26 00:00:00,High,Support A,Login Issue
a3a4942f,2025-04-20 19:00:00,2025-04-22 04:00:00,Low,Support B,Connectivity
9fbaaefc,2025-01-30 00:00:00,2025-01-31 03:00:00,Medium,Support A,Feature Request
8ce90c0b,2024-10-20 18:00:00,2024-10-22 19:00:00,Medium,Support A,Login Issue
97839b1d,2024-11-15 02:00:00,2024-11-16 06:00:00,Medium,Support B,Error Message
ba014285,2025-01-15 14:00:00,2025-01-17 20:00:00,Critical,Support A,Connectivity
3863180e,2024-12-25 07:00:00,2024-12-27 05:00:00,Critical,Support C,Login Issue
d01e020e,2025-01-23 11:00:00,2025-01-25 05:00:00,Low,Support C,Slow Performance
c550a780,2024-11-10 15:00:00,2024-11-11 17:00:00,Low,Support B,Error Message
0fc16ce2,2024-12-15 06:00:00,2024-12-16 16:00:00,Critical,Support B,Login Issue
243bea92,2024-10-08 21:00:00,2024-10-11 15:00:00,Low,Support A,Error Message
883f4d9a,2025-01-22 22:00:00,2025-01-25 10:00:00,High,Support A,Error Message
90e6929b,2025-02-03 05:00:00,2025-02-04 05:00:00,High,Support A,Feature Request
689fdc7f,2025-04-13 02:00:00,2025-04-15 04:00:00,Critical,Support A,Error Message
0c57aa26,2024-12-19 03:00:00,2024-12-21 21:00:00,Low,Support C,Feature Request
b7911509,2024-11-22 19:00:00,2024-11-23 02:00:00,Medium,Support C,Connectivity
bd5bbb24,2024-12-03 16:00:00,2024-12-06 05:00:00,High,Support B,Feature Request
5979bb3b,2025-02-11 10:00:00,2025-02-12 18:00:00,Critical,Support A,Slow Performance
3969f2f5,2025-02-26 04:00:00,2025-02-28 17:00:00,Low,Support A,Login Issue
fd941a97,2025-03-12 02:00:00,2025-03-13 07:00:00,Critical,Support B,Connectivity
465b3566,2024-10-27 22:00:00,2024-10-28 02:00:00,Medium,Support A,Connectivity
89ba0578,2025-06-14 20:00:00,2025-06-15 04:00:00,High,Support A,Slow Performance
f4318739,2025-01-29 08:00:00,2025-01-31 09:00:00,Critical,Support A,Feature Request
ed9d96e8,2025-06-20 22:00:00,2025-06-23 04:00:00,Critical,Support A,Login Issue
c325da6d,2025-05-13 17:00:00,2025-05-14 19:00:00,Critical,Support A,Feature Request
37e6f303,2025-01-10 11:00:00,2025-01-13 02:00:00,Medium,Support B,Error Message
fbf48877,2024-10-26 00:00:00,2024-10-26 08:00:00,Critical,Support A,Feature Request
d66e8811,2025-01-07 11:00:00,2025-01-09 09:00:00,Medium,Support B,Connectivity
5c9d538a,2024-12-25 21:00:00,2024-12-26 15:00:00,Medium,Support A,Login Issue
c4843e11,2024-10-11 01:00:00,2024-10-12 09:00:00,Medium,Support C,Feature Request
f4964ddf,2024-12-25 01:00:00,2024-12-27 02:00:00,High,Support C,Login Issue
dddc7604,2025-01-26 16:00:00,2025-01-27 19:00:00,High,Support C,Login Issue
c3b31c13,2025-01-17 20:00:00,2025-01-19 10:00:00,Critical,Support C,Error Message
e46eb317,2024-11-26 19:00:00,2024-11-29 19:00:00,Critical,Support B,Error Message
3aa32808,2025-06-17 19:00:00,2025-06-19 05:00:00,High,Support B,Connectivity
0c3ca26a,2025-05-17 14:00:00,2025-05-20 10:00:00,Low,Support A,Slow Performance
63aeb0e6,2024-12-01 14:00:00,2024-12-02 10:00:00,High,Support C,Login Issue
82c39478,2025-01-15 12:00:00,2025-01-18 00:00:00,Medium,Support B,Slow Performance
691e948f,2024-11-02 07:00:00,2024-11-05 17:00:00,High,Support A,Connectivity
d9ecd774,2025-03-17 06:00:00,2025-03-17 07:00:00,Medium,Support A,Login Issue
c87731ba,2024-10-02 10:00:00,2024-10-03 14:00:00,Critical,Support B,Login Issue
ec93a6a5,2025-06-22 13:00:00,2025-06-25 02:00:00,Low,Support C,Slow Performance
60861412,2025-02-09 08:00:00,2025-02-11 03:00:00,Critical,Support A,Feature Request
f13f70d8,2024-12-21 11:00:00,2024-12-23 19:00:00,Medium,Support C,Error Message
f6d2c165,2024-12-06 01:00:00,2024-12-07 10:00:00,Medium,Support C,Feature Request
a5d159b2,2025-03-14 07:00:00,2025-03-16 09:00:00,Medium,Support C,Slow Performance
5045f665,2025-02-06 01:00:00,2025-02-07 21:00:00,Low,Support A,Error Message
7e63951d,2024-11-12 13:00:00,2024-11-15 17:00:00,High,Support C,Feature Request
739e3e4c,2025-02-22 05:00:00,2025-02-24 11:00:00,Critical,Support A,Error Message
1469fab0,2025-01-17 21:00:00,2025-01-20 05:00:00,Critical,Support C,Login Issue
fc1f1655,2025-05-06 17:00:00,2025-05-08 07:00:00,High,Support A,Feature Request
e38be142,2025-03-10 03:00:00,2025-03-11 15:00:00,Critical,Support C,Error Message
ecd54ac8,2024-12-02 12:00:00,2024-12-04 01:00:00,Low,Support B,Error Message
004ee00d,2025-04-18 22:00:00,2025-04-21 07:00:00,Critical,Support C,Error Message
8f448553,2025-05-25 11:00:00,2025-05-27 00:00:00,Medium,Support C,Feature Request
e28bfd82,2024-10-07 17:00:00,2024-10-09 23:00:00,High,Support A,Connectivity
457c4795,2025-03-29 01:00:00,2025-04-02 02:00:00,Low,Support A,Feature Request
397737ac,2024-12-22 13:00:00,2024-12-25 09:00:00,High,Support C,Slow Performance
abf539e3,2024-11-11 11:00:00,2024-11-13 03:00:00,Low,Support B,Feature Request
0f2c48e3,2025-06-25 05:00:00,2025-06-28 09:00:00,Medium,Support B,Error Message
b3e75640,2025-04-23 15:00:00,2025-04-25 05:00:00,High,Support A,Login Issue
d4281fda,2025-02-17 06:00:00,2025-02-17 07:00:00,Critical,Support B,Feature Request
b22eb7b1,2025-04-08 15:00:00,2025-04-09 14:00:00,Low,Support C,Feature Request
250e5639,2025-03-08 06:00:00,2025-03-08 09:00:00,High,Support A,Error Message
d717e702,2024-11-23 03:00:00,2024-11-24 18:00:00,Critical,Support C,Login Issue
eb3c6aad,2024-11-12 08:00:00,2024-11-14 08:00:00,High,Support A,Login Issue
890759c1,2025-06-26 07:00:00,2025-06-29 23:00:00,High,Support A,Slow Performance
a2a06bf1,2024-10-15 01:00:00,2024-10-17 08:00:00,High,Support A,Feature Request
df64b410,2024-11-06 14:00:00,2024-11-08 08:00:00,Low,Support A,Login Issue
183de5fe,2024-11-14 20:00:00,2024-11-17 15:00:00,Critical,Support B,Login Issue
ff812115,2025-04-22 15:00:00,2025-04-22 16:00:00,Medium,Support C,Connectivity
962ba2f5,2025-03-16 09:00:00,2025-03-18 14:00:00,Low,Support C,Connectivity
5e430712,2025-06-23 00:00:00,2025-06-25 18:00:00,Low,Support C,Login Issue
cf72ffc7,2025-04-21 11:00:00,2025-04-21 23:00:00,Low,Support A,Slow Performance
d5bfaca6,2025-06-21 19:00:00,2025-06-24 22:00:00,Medium,Support B,Login Issue
0a499f93,2024-10-16 19:00:00,2024-10-19 03:00:00,Critical,Support C,Error Message
d511d88e,2024-10-21 12:00:00,2024-10-23 02:00:00,Critical,Support B,Feature Request
80677a87,2025-05-08 20:00:00,2025-05-11 11:00:00,Critical,Support A,Slow Performance
b99326db,2024-12-25 22:00:00,2024-12-30 04:00:00,High,Support C,Error Message
38a361ca,2025-03-11 20:00:00,2025-03-14 00:00:00,High,Support B,Slow Performance
f5656610,2024-10-03 16:00:00,2024-10-05 21:00:00,High,Support A,Error Message
5e3ddf65,2025-01-16 00:00:00,2025-01-17 12:00:00,Medium,Support B,Feature Request
f9fa532a,2025-05-16 15:00:00,2025-05-17 18:00:00,High,Support C,Feature Request
003d1002,2025-05-07 16:00:00,2025-05-10 11:00:00,Medium,Support C,Connectivity
03e2bcfd,2024-12-24 11:00:00,2024-12-25 14:00:00,Critical,Support A,Error Message
14324703,2025-01-21 07:00:00,2025-01-23 08:00:00,High,Support A,Connectivity
43fe290d,2024-12-02 07:00:00,2024-12-03 19:00:00,High,Support A,Error Message
796eee35,2025-05-08 02:00:00,2025-05-10 13:00:00,Low,Support B,Connectivity
16c26373,2025-05-23 02:00:00,2025-05-25 10:00:00,Medium,Support B,Feature Request
c8cff260,2024-10-17 07:00:00,2024-10-20 07:00:00,Critical,Support B,Slow Performance
80d4b075,2025-05-30 10:00:00,2025-05-31 21:00:00,Low,Support A,Connectivity
bab72e50,2025-04-07 02:00:00,2025-04-08 19:00:00,Low,Support C,Error Message
9b3e23e7,2025-06-26 00:00:00,2025-06-27 00:00:00,Critical,Support C,Error Message
37bc9159,2025-04-05 10:00:00,2025-04-06 23:00:00,Low,Support B,Feature Request
b2cbe8dc,2025-06-03 12:00:00,2025-06-05 21:00:00,Medium,Support B,Error Message
981cbace,2025-02-26 09:00:00,2025-03-01 03:00:00,Medium,Support C,Login Issue
ee31d25e,2025-01-03 22:00:00,2025-01-04 23:00:00,High,Support C,Slow Performance
664cbc59,2025-06-15 16:00:00,2025-06-18 12:00:00,Low,Support B,Connectivity
233b3031,2025-02-07 03:00:00,2025-02-10 11:00:00,High,Support B,Slow Performance
43c22d73,2025-06-19 14:00:00,2025-06-21 23:00:00,Low,Support C,Feature Request
78cb065e,2024-10-09 08:00:00,2024-10-13 05:00:00,Medium,Support A,Connectivity
5492ef78,2025-06-06 07:00:00,2025-06-07 12:00:00,Medium,Support B,Connectivity
6731db88,2025-04-22 03:00:00,2025-04-22 21:00:00,Medium,Support C,Login Issue
a0ff63cf,2025-02-07 08:00:00,2025-02-07 13:00:00,Low,Support C,Feature Request
642999d3,2025-04-10 14:00:00,2025-04-14 01:00:00,Medium,Support C,Error Message
d1472d58,2025-01-11 06:00:00,2025-01-13 21:00:00,Low,Support C,Login Issue
dee19015,2025-03-01 21:00:00,2025-03-03 19:00:00,High,Support A,Login Issue
11481a1b,2025-06-01 15:00:00,2025-06-03 21:00:00,Low,Support C,Slow Performance
929f5dbb,2024-11-03 12:00:00,2024-11-04 08:00:00,High,Support B,Slow Performance
9a400f27,2025-06-18 02:00:00,2025-06-22 12:00:00,Low,Support A,Slow Performance
2825baf4,2025-01-22 19:00:00,2025-01-24 22:00:00,High,Support C,Login Issue
58fbc410,2025-06-07 15:00:00,2025-06-09 17:00:00,Medium,Support A,Error Message
d25d60c3,2025-01-24 13:00:00,2025-01-27 06:00:00,High,Support B,Connectivity
60323b47,2024-12-05 10:00:00,2024-12-07 21:00:00,Medium,Support C,Slow Performance
dca97377,2025-04-29 16:00:00,2025-05-01 21:00:00,Medium,Support B,Error Message
5172405f,2025-05-21 13:00:00,2025-05-22 18:00:00,High,Support C,Feature Request
8cf36aa0,2025-01-21 02:00:00,2025-01-23 13:00:00,Low,Support C,Slow Performance
d1bb4bda,2025-03-10 00:00:00,2025-03-13 21:00:00,Low,Support C,Connectivity
49bd6fbd,2024-11-12 20:00:00,2024-11-16 04:00:00,Critical,Support C,Feature Request
0a666de1,2024-10-21 22:00:00,2024-10-25 12:00:00,Low,Support C,Feature Request
3a3d6296,2025-04-06 05:00:00,2025-04-07 16:00:00,Critical,Support A,Connectivity
a1957873,2024-11-06 06:00:00,2024-11-07 06:00:00,Low,Support C,Slow Performance
4194c0af,2025-04-06 00:00:00,2025-04-07 20:00:00,Low,Support C,Login Issue
52f5de04,2024-10-09 14:00:00,2024-10-11 15:00:00,Medium,Support A,Connectivity
62d3d57c,2025-05-02 22:00:00,2025-05-06 00:00:00,Critical,Support A,Connectivity
abfe37b8,2025-06-07 01:00:00,2025-06-07 08:00:00,Low,Support A,Connectivity
f57b0cfa,2024-12-01 20:00:00,2024-12-05 08:00:00,Critical,Support A,Feature Request
89055164,2024-11-05 23:00:00,2024-11-07 19:00:00,Medium,Support A,Error Message
9a8d1237,2025-01-25 06:00:00,2025-01-26 19:00:00,Medium,Support A,Login Issue
3610f94d,2024-10-24 11:00:00,2024-10-25 10:00:00,Critical,Support C,Slow Performance
77bdcf56,2025-05-02 04:00:00,2025-05-02 12:00:00,Medium,Support C,Slow Performance
2803535c,2025-03-24 15:00:00,2025-03-27 10:00:00,High,Support B,Error Message
86dd8bc6,2025-06-08 19:00:00,2025-06-10 20:00:00,High,Support C,Connectivity
607cbe3f,2024-12-13 05:00:00,2024-12-13 22:00:00,Medium,Support C,Login Issue
a67efbf3,2025-06-23 14:00:00,2025-06-24 06:00:00,High,Support A,Slow Performance
354ad488,2024-12-09 22:00:00,2024-12-11 13:00:00,Low,Support A,Slow Performance
47454161,2025-02-13 02:00:00,2025-02-16 18:00:00,Critical,Support C,Connectivity
af83a3c7,2025-04-12 04:00:00,2025-04-13 21:00:00,Low,Support B,Error Message
ea3a0123,2024-11-14 03:00:00,2024-11-14 14:00:00,Critical,Support A,Login Issue
4bb57baa,2025-05-08 23:00:00,2025-05-10 17:00:00,Medium,Support C,Error Message
b9c13585,2024-12-11 18:00:00,2024-12-13 11:00:00,Low,Support C,Error Message
e8cf2a28,2025-02-16 02:00:00,2025-02-16 03:00:00,Medium,Support B,Login Issue
7df6a610,2025-02-09 13:00:00,2025-02-11 11:00:00,Medium,Support B,Login Issue
f6dbc2ac,2025-06-04 11:00:00,2025-06-06 05:00:00,Critical,Support A,Slow Performance
22e4ed20,2025-01-18 09:00:00,2025-01-21 01:00:00,Critical,Support B,Slow Performance
959c9767,2025-01-22 17:00:00,2025-01-26 13:00:00,Critical,Support C,Login Issue
f45e736b,2024-12-06 13:00:00,2024-12-09 16:00:00,Low,Support C,Feature Request
2f9573de,2025-02-05 12:00:00,2025-02-07 05:00:00,High,Support B,Slow Performance
7ad10b2d,2025-01-21 05:00:00,2025-01-22 02:00:00,Critical,Support B,Feature Request
84cd6439,2025-04-22 19:00:00,2025-04-27 08:00:00,Critical,Support B,Login Issue
bab736e3,2025-05-03 11:00:00,2025-05-05 12:00:00,Low,Support B,Slow Performance
5643078a,2025-05-28 03:00:00,2025-05-30 03:00:00,Critical,Support A,Error Message
a7372203,2025-03-01 03:00:00,2025-03-03 02:00:00,Low,Support B,Login Issue
f7f72baf,2024-11-26 19:00:00,2024-11-28 23:00:00,Medium,Support A,Connectivity
6e9fa26d,2024-12-22 13:00:00,2024-12-24 09:00:00,Critical,Support C,Feature Request
c61366be,2025-05-16 02:00:00,2025-05-17 12:00:00,Critical,Support B,Login Issue
497ea637,2024-12-09 07:00:00,2024-12-10 17:00:00,Medium,Support A,Login Issue
f61ec5d6,2024-12-03 17:00:00,2024-12-05 16:00:00,Medium,Support B,Slow Performance
8b451328,2024-12-24 22:00:00,2024-12-26 08:00:00,Medium,Support C,Slow Performance
dc99483a,2025-05-22 00:00:00,2025-05-23 06:00:00,Critical,Support C,Slow Performance
29b69046,2025-02-15 14:00:00,2025-02-17 16:00:00,High,Support C,Connectivity
83a3a4c7,2025-01-02 05:00:00,2025-01-03 22:00:00,High,Support B,Slow Performance
b3e4a6ec,2025-05-18 08:00:00,2025-05-21 20:00:00,High,Support B,Login Issue
9aec2084,2025-05-18 00:00:00,2025-05-18 01:00:00,Critical,Support A,Slow Performance
44bb34ae,2024-11-24 10:00:00,2024-11-27 12:00:00,Medium,Support C,Error Message
a530734b,2025-03-17 21:00:00,2025-03-21 02:00:00,Critical,Support B,Slow Performance
d994d438,2025-01-20 11:00:00,2025-01-20 12:00:00,Medium,Support C,Connectivity
d6e5cad6,2025-04-30 04:00:00,2025-05-01 19:00:00,Critical,Support C,Error Message
c81f7632,2025-06-02 08:00:00,2025-06-03 23:00:00,Critical,Support A,Login Issue
137c0cc9,2024-11-23 10:00:00,2024-11-24 00:00:00,Medium,Support A,Login Issue
27f69c9e,2024-10-30 13:00:00,2024-10-31 18:00:00,High,Support A,Feature Request
a7d6c4fb,2025-05-21 07:00:00,2025-05-22 04:00:00,Medium,Support A,Error Message
a4e4f8a6,2025-05-19 10:00:00,2025-05-23 04:00:00,Low,Support C,Feature Request
fefcc920,2025-04-16 16:00:00,2025-04-19 14:00:00,Low,Support A,Error Message
aa0d2701,2025-04-02 21:00:00,2025-04-06 03:00:00,Medium,Support A,Error Message
0e81fdc6,2025-03-06 04:00:00,2025-03-08 21:00:00,Critical,Support A,Connectivity
1f993805,2025-05-12 01:00:00,2025-05-12 21:00:00,Low,Support A,Feature Request
11f3df8a,2025-04-18 03:00:00,2025-04-19 14:00:00,Low,Support C,Connectivity
5f467251,2024-10-28 15:00:00,2024-10-31 02:00:00,Critical,Support A,Error Message
f3505585,2024-12-23 06:00:00,2024-12-24 00:00:00,Critical,Support C,Login Issue
ad2fcf87,2025-02-21 13:00:00,2025-02-24 06:00:00,High,Support B,Error Message
1ca639fd,2025-03-05 23:00:00,2025-03-07 17:00:00,Critical,Support C,Connectivity
5e1828f2,2025-05-27 15:00:00,2025-05-29 06:00:00,Medium,Support C,Feature Request
1e91fc79,2024-12-02 07:00:00,2024-12-05 00:00:00,Medium,Support A,Feature Request
947252d6,2025-02-15 16:00:00,2025-02-18 02:00:00,High,Support B,Connectivity
9032a32e,2025-03-06 19:00:00,2025-03-08 10:00:00,Low,Support B,Feature Request
16e661ce,2025-05-07 00:00:00,2025-05-10 03:00:00,Low,Support B,Slow Performance
1cc72ed2,2024-12-17 05:00:00,2024-12-18 03:00:00,Critical,Support B,Login Issue
01617f8f,2025-05-23 00:00:00,2025-05-25 14:00:00,Medium,Support C,Login Issue
f43f22e0,2025-04-13 03:00:00,2025-04-15 17:00:00,Low,Support B,Login Issue
8e572a45,2024-11-23 19:00:00,2024-11-25 11:00:00,High,Support C,Feature Request
01fdb765,2025-02-27 05:00:00,2025-03-01 12:00:00,High,Support C,Feature Request
f4829817,2025-02-22 01:00:00,2025-02-22 18:00:00,Medium,Support C,Error Message
ad2c354c,2024-12-08 04:00:00,2024-12-11 02:00:00,High,Support B,Error Message
87a45aec,2025-03-04 00:00:00,2025-03-05 19:00:00,High,Support A,Login Issue
59203a6e,2025-02-02 23:00:00,2025-02-04 10:00:00,Medium,Support A,Slow Performance
5b18b406,2025-02-09 08:00:00,2025-02-12 09:00:00,Critical,Support B,Error Message
e042cd49,2024-10-30 02:00:00,2024-10-31 09:00:00,Critical,Support A,Error Message
15d3a51c,2024-12-30 00:00:00,2024-12-30 14:00:00,High,Support A,Feature Request
ca88cfeb,2025-03-20 17:00:00,2025-03-21 03:00:00,Critical,Support C,Slow Performance
8de5fbc4,2025-04-16 09:00:00,2025-04-18 23:00:00,Critical,Support C,Login Issue
3f80c41c,2025-06-23 03:00:00,2025-06-23 20:00:00,High,Support B,Error Message
23b3c746,2025-05-25 21:00:00,2025-05-29 15:00:00,Critical,Support B,Slow Performance
ac741596,2024-11-05 14:00:00,2024-11-05 15:00:00,High,Support A,Slow Performance
d409c05f,2025-06-01 23:00:00,2025-06-05 15:00:00,Low,Support C,Login Issue
ffed366d,2025-06-30 00:00:00,2025-07-02 05:00:00,Medium,Support B,Slow Performance
da1bc698,2025-02-22 18:00:00,2025-02-24 15:00:00,Medium,Support B,Slow Performance
029e18e2,2025-05-28 21:00:00,2025-05-30 07:00:00,Critical,Support B,Slow Performance
d08cef41,2025-05-07 17:00:00,2025-05-10 02:00:00,Critical,Support B,Error Message
ca58b560,2025-05-04 12:00:00,2025-05-06 11:00:00,Critical,Support B,Login Issue
6ce21bc4,2024-12-11 03:00:00,2024-12-14 05:00:00,Medium,Support B,Slow Performance
8568089d,2025-01-24 17:00:00,2025-01-26 19:00:00,Low,Support A,Slow Performance
a5b8ecd1,2025-05-30 07:00:00,2025-06-01 10:00:00,Low,Support C,Error Message
6b564739,2024-12-12 05:00:00,2024-12-13 20:00:00,Medium,Support C,Login Issue
311e2d74,2025-05-19 15:00:00,2025-05-21 13:00:00,Low,Support B,Feature Request
d93ac5eb,2025-06-24 06:00:00,2025-06-26 13:00:00,Medium,Support C,Error Message
ac1ef688,2025-04-24 11:00:00,2025-04-24 17:00:00,Low,Support C,Login Issue
89291d79,2025-02-24 06:00:00,2025-02-24 21:00:00,High,Support C,Slow Performance
5b5bcf34,2024-10-09 10:00:00,2024-10-12 03:00:00,High,Support B,Login Issue
f3da5160,2025-02-13 15:00:00,2025-02-15 19:00:00,Medium,Support B,Login Issue
451d6940,2025-03-25 18:00:00,2025-03-27 13:00:00,Low,Support C,Login Issue
53ae5549,2025-04-06 08:00:00,2025-04-08 08:00:00,Critical,Support C,Feature Request
ab104feb,2024-11-01 22:00:00,2024-11-04 06:00:00,Low,Support B,Login Issue
897df24a,2025-04-01 21:00:00,2025-04-03 08:00:00,High,Support A,Feature Request
6bb98db4,2025-01-05 23:00:00,2025-01-07 04:00:00,High,Support C,Slow Performance
374a1b61,2025-01-31 03:00:00,2025-02-02 07:00:00,Low,Support A,Feature Request
940a0d41,2024-10-09 05:00:00,2024-10-10 05:00:00,Low,Support C,Slow Performance
56d316db,2024-12-20 10:00:00,2024-12-22 19:00:00,Critical,Support A,Slow Performance
67480ab3,2025-02-27 06:00:00,2025-02-27 13:00:00,Critical,Support A,Feature Request
29ecba0c,2025-06-19 23:00:00,2025-06-22 23:00:00,Low,Support A,Error Message
51c30a22,2024-10-26 08:00:00,2024-10-28 19:00:00,Low,Support B,Connectivity
5940b7de,2025-02-14 08:00:00,2025-02-16 14:00:00,Low,Support A,Login Issue
563b7f38,2024-11-17 19:00:00,2024-11-20 18:00:00,Low,Support A,Connectivity
df8f89e1,2025-03-28 10:00:00,2025-04-01 01:00:00,Medium,Support A,Login Issue
cdc1b48d,2025-02-19 13:00:00,2025-02-22 13:00:00,Low,Support C,Login Issue
8820f8b1,2025-01-13 15:00:00,2025-01-13 18:00:00,Critical,Support A,Slow Performance
1c9eba5e,2024-12-14 18:00:00,2024-12-15 11:00:00,High,Support C,Login Issue
b461c65b,2024-10-28 11:00:00,2024-10-29 20:00:00,Medium,Support A,Login Issue
a8f3ae21,2025-01-26 03:00:00,2025-01-28 03:00:00,Low,Support A,Feature Request
62c41036,2025-06-10 03:00:00,2025-06-12 15:00:00,High,Support B,Connectivity
d52ea5ef,2024-11-27 01:00:00,2024-11-28 07:00:00,Medium,Support C,Feature Request
dae92418,2024-12-22 18:00:00,2024-12-24 22:00:00,High,Support A,Login Issue
09feec41,2025-05-23 14:00:00,2025-05-24 19:00:00,Low,Support C,Slow Performance
bce2cd0e,2024-10-07 02:00:00,2024-10-08 11:00:00,Low,Support C,Feature Request
942fbdd5,2025-02-12 03:00:00,2025-02-12 17:00:00,Critical,Support B,Feature Request
ae9bb200,2025-01-30 07:00:00,2025-01-31 08:00:00,Low,Support B,Error Message
ba421737,2024-12-12 06:00:00,2024-12-12 21:00:00,Low,Support B,Login Issue
ec33c413,2024-12-16 19:00:00,2024-12-17 19:00:00,Medium,Support B,Slow Performance
3aba6b02,2024-10-21 08:00:00,2024-10-24 09:00:00,Critical,Support B,Feature Request
08cf591a,2025-02-02 00:00:00,2025-02-03 01:00:00,Medium,Support B,Feature Request
93eced9d,2024-12-21 15:00:00,2024-12-26 06:00:00,High,Support B,Slow Performance
3dce0041,2025-05-28 23:00:00,2025-05-31 10:00:00,Low,Support B,Login Issue
da81bbff,2025-01-08 09:00:00,2025-01-10 13:00:00,High,Support A,Error Message
65f2e337,2025-01-30 15:00:00,2025-01-31 18:00:00,Medium,Support C,Feature Request
b94e0bd3,2025-04-16 08:00:00,2025-04-19 00:00:00,Low,Support B,Error Message
be4c09ad,2024-12-15 02:00:00,2024-12-16 12:00:00,Low,Support B,Connectivity
52290c42,2025-06-10 17:00:00,2025-06-12 19:00:00,Medium,Support C,Login Issue
3664dff2,2025-06-20 06:00:00,2025-06-24 19:00:00,Medium,Support A,Connectivity
87d7eda6,2025-05-19 14:00:00,2025-05-21 11:00:00,Medium,Support C,Connectivity
098c0222,2025-03-19 05:00:00,2025-03-22 08:00:00,Medium,Support C,Connectivity
8ac95b60,2025-02-18 09:00:00,2025-02-19 16:00:00,Medium,Support B,Login Issue
51ed34bb,2025-05-27 18:00:00,2025-05-29 17:00:00,Low,Support C,Login Issue
8471156d,2024-10-11 22:00:00,2024-10-15 16:00:00,Medium,Support C,Slow Performance
d1117d0a,2025-06-03 03:00:00,2025-06-04 11:00:00,Low,Support B,Error Message
e6e4dd2e,2025-06-19 23:00:00,2025-06-23 18:00:00,Low,Support B,Error Message
90dc77d3,2025-06-28 09:00:00,2025-07-01 01:00:00,Medium,Support B,Slow Performance
f9b410ca,2024-10-26 23:00:00,2024-10-28 09:00:00,Medium,Support B,Slow Performance
dfaf6427,2024-11-12 08:00:00,2024-11-14 23:00:00,Critical,Support C,Connectivity
37938e73,2025-03-01 19:00:00,2025-03-04 18:00:00,Low,Support C,Slow Performance
80af09e4,2025-04-26 08:00:00,2025-04-28 22:00:00,Medium,Support A,Feature Request
9931d8ef,2024-12-25 09:00:00,2024-12-25 19:00:00,Medium,Support A,Error Message
ccab9cb4,2025-05-14 23:00:00,2025-05-16 05:00:00,Medium,Support C,Slow Performance
e180f4b7,2025-06-24 13:00:00,2025-06-26 07:00:00,Critical,Support A,Feature Request
4c1bde98,2025-03-05 03:00:00,2025-03-07 01:00:00,Critical,Support C,Feature Request
6e39922a,2025-04-08 12:00:00,2025-04-11 02:00:00,High,Support A,Feature Request
702607ff,2025-02-07 12:00:00,2025-02-09 16:00:00,Low,Support B,Feature Request
9fe9b2e1,2025-05-08 23:00:00,2025-05-09 14:00:00,High,Support A,Connectivity
f74d21a4,2025-03-20 10:00:00,2025-03-22 19:00:00,Medium,Support B,Feature Request
292ba55f,2024-12-25 16:00:00,2024-12-28 06:00:00,Critical,Support B,Connectivity
e548678d,2025-02-10 02:00:00,2025-02-12 15:00:00,Critical,Support B,Connectivity
3c28cff8,2024-12-10 02:00:00,2024-12-13 03:00:00,High,Support B,Feature Request
375b9edf,2025-01-02 23:00:00,2025-01-05 19:00:00,Critical,Support A,Error Message
3f7139f6,2024-11-18 02:00:00,2024-11-20 13:00:00,Medium,Support C,Feature Request
4d8ac7ff,2025-04-06 11:00:00,2025-04-08 09:00:00,Critical,Support B,Feature Request
fce2947d,2025-06-20 07:00:00,2025-06-20 15:00:00,High,Support A,Feature Request
51a57ff9,2025-06-16 05:00:00,2025-06-18 15:00:00,Medium,Support B,Error Message
bee4d79e,2025-02-10 23:00:00,2025-02-13 03:00:00,High,Support A,Login Issue
3161fb14,2024-12-10 16:00:00,2024-12-12 22:00:00,Critical,Support A,Login Issue
831a26ca,2025-03-16 07:00:00,2025-03-17 00:00:00,High,Support A,Connectivity
8006ac77,2025-04-15 19:00:00,2025-04-16 17:00:00,High,Support C,Connectivity
016ee3fb,2025-04-14 02:00:00,2025-04-17 03:00:00,Low,Support A,Error Message
b339debd,2024-12-08 16:00:00,2024-12-10 15:00:00,Critical,Support A,Slow Performance
855d66fb,2025-05-19 19:00:00,2025-05-22 11:00:00,Critical,Support C,Login Issue
3be61309,2024-11-30 05:00:00,2024-12-02 05:00:00,High,Support C,Connectivity
62d7cd7f,2025-03-24 23:00:00,2025-03-26 23:00:00,Low,Support A,Login Issue
f0640ebf,2025-03-13 11:00:00,2025-03-16 09:00:00,Critical,Support C,Error Message
a51bf7b6,2024-10-11 13:00:00,2024-10-13 00:00:00,Medium,Support B,Error Message
5187b7da,2025-02-10 15:00:00,2025-02-12 17:00:00,High,Support B,Slow Performance
21b483f4,2025-01-15 13:00:00,2025-01-17 01:00:00,Critical,Support C,Slow Performance
539babee,2025-05-22 00:00:00,2025-05-23 13:00:00,Medium,Support C,Error Message
b3e013e0,2024-10-05 02:00:00,2024-10-06 18:00:00,Critical,Support A,Connectivity
62462a78,2024-12-31 16:00:00,2025-01-02 21:00:00,Medium,Support C,Login Issue
10410df6,2025-06-07 04:00:00,2025-06-08 16:00:00,High,Support A,Feature Request
fd44df55,2025-02-01 09:00:00,2025-02-04 15:00:00,Critical,Support B,Slow Performance
29f4e8dc,2025-06-08 15:00:00,2025-06-09 17:00:00,Critical,Support C,Feature Request
1d96e29a,2025-04-26 05:00:00,2025-04-28 00:00:00,Low,Support A,Connectivity
0beffc94,2025-04-03 17:00:00,2025-04-05 06:00:00,High,Support A,Slow Performance
6ab46932,2025-03-07 09:00:00,2025-03-10 19:00:00,Medium,Support B,Feature Request
d7841639,2025-01-28 13:00:00,2025-01-30 17:00:00,Critical,Support C,Connectivity
4522923d,2025-02-12 18:00:00,2025-02-15 18:00:00,Critical,Support B,Login Issue
a49732e1,2025-03-07 23:00:00,2025-03-08 11:00:00,Medium,Support A,Connectivity
e9c43a6f,2024-11-09 20:00:00,2024-11-12 02:00:00,High,Support A,Slow Performance
61867f09,2025-05-30 16:00:00,2025-06-02 13:00:00,Low,Support C,Error Message
082845eb,2025-03-19 11:00:00,2025-03-21 12:00:00,Low,Support A,Login Issue
e8f888b4,2024-10-07 16:00:00,2024-10-10 17:00:00,Critical,Support C,Feature Request
28748f81,2025-05-26 11:00:00,2025-05-27 22:00:00,Medium,Support B,Slow Performance
89b69df0,2025-04-06 05:00:00,2025-04-09 14:00:00,Critical,Support C,Error Message
6527d3d0,2024-11-24 04:00:00,2024-11-28 11:00:00,Medium,Support C,Connectivity
41a4d2bb,2025-04-23 15:00:00,2025-04-25 06:00:00,Low,Support A,Error Message
ff35030e,2025-03-16 03:00:00,2025-03-17 16:00:00,High,Support A,Slow Performance
83ac999c,2024-12-03 15:00:00,2024-12-07 01:00:00,Medium,Support C,Slow Performance
bf22f2f1,2025-06-08 15:00:00,2025-06-12 04:00:00,Low,Support A,Error Message
e681a06b,2025-05-18 15:00:00,2025-05-20 02:00:00,Critical,Support A,Connectivity
f53e8139,2025-05-07 22:00:00,2025-05-09 11:00:00,Medium,Support A,Error Message
0c07fed0,2024-11-20 18:00:00,2024-11-22 11:00:00,High,Support C,Slow Performance
2087c29d,2025-04-06 08:00:00,2025-04-06 23:00:00,Critical,Support A,Slow Performance
1756b79b,2025-04-16 07:00:00,2025-04-17 08:00:00,Critical,Support C,Feature Request
4977ab02,2025-02-07 08:00:00,2025-02-08 07:00:00,Low,Support A,Feature Request
c52c4818,2025-01-22 23:00:00,2025-01-24 04:00:00,Medium,Support B,Login Issue
2923f060,2025-04-08 19:00:00,2025-04-10 18:00:00,Critical,Support A,Slow Performance
ed22cec2,2024-11-09 18:00:00,2024-11-11 23:00:00,High,Support A,Feature Request
d8bd5c5c,2025-04-09 05:00:00,2025-04-12 18:00:00,Medium,Support C,Error Message
3c1c19ed,2025-02-21 14:00:00,2025-02-22 14:00:00,High,Support C,Connectivity
5c8b7c9f,2024-11-13 13:00:00,2024-11-16 12:00:00,Critical,Support A,Error Message
d79a1d77,2024-12-10 13:00:00,2024-12-12 07:00:00,High,Support B,Connectivity
961d5816,2025-06-15 13:00:00,2025-06-17 11:00:00,Low,Support A,Feature Request
f5084565,2025-06-23 13:00:00,2025-06-26 05:00:00,High,Support A,Login Issue
dbe38c09,2025-02-21 04:00:00,2025-02-22 01:00:00,Medium,Support B,Error Message
4245c6b6,2024-10-24 10:00:00,2024-10-26 19:00:00,High,Support C,Error Message
22e630d2,2025-01-12 13:00:00,2025-01-14 16:00:00,High,Support A,Error Message
5f8b9b1a,2025-06-03 15:00:00,2025-06-06 02:00:00,Low,Support C,Connectivity
ea0944c3,2025-02-17 18:00:00,2025-02-20 00:00:00,High,Support C,Feature Request
bc1c635e,2025-06-15 02:00:00,2025-06-19 12:00:00,High,Support B,Error Message
c7b08fdb,2024-10-10 09:00:00,2024-10-11 17:00:00,Critical,Support B,Error Message
714526f1,2025-04-22 21:00:00,2025-04-24 08:00:00,Critical,Support C,Login Issue
0208a777,2025-06-25 19:00:00,2025-06-27 04:00:00,Medium,Support A,Login Issue
83300be9,2024-11-09 23:00:00,2024-11-11 09:00:00,Critical,Support C,Feature Request
7c940458,2025-05-22 08:00:00,2025-05-23 16:00:00,Critical,Support A,Feature Request
5c503cf2,2025-04-08 12:00:00,2025-04-11 16:00:00,Critical,Support A,Slow Performance
74d6b453,2025-02-05 19:00:00,2025-02-09 05:00:00,Critical,Support B,Login Issue
b67cac5d,2024-11-03 23:00:00,2024-11-05 09:00:00,Low,Support A,Slow Performance
799bdb25,2025-04-17 02:00:00,2025-04-18 06:00:00,Critical,Support A,Connectivity
9dbdd59f,2025-04-12 10:00:00,2025-04-14 21:00:00,Low,Support C,Slow Performance
5bceb9cc,2025-05-10 07:00:00,2025-05-11 17:00:00,Low,Support B,Error Message
9f6d6107,2025-02-08 00:00:00,2025-02-10 15:00:00,Critical,Support A,Slow Performance
eb86cd3c,2024-10-01 16:00:00,2024-10-03 20:00:00,High,Support A,Feature Request
5bf33391,2024-11-21 19:00:00,2024-11-22 06:00:00,Low,Support B,Connectivity
f650997b,2024-12-31 21:00:00,2025-01-04 10:00:00,High,Support C,Error Message
5a9dac4c,2025-01-14 04:00:00,2025-01-17 23:00:00,High,Support B,Slow Performance
03b47cc8,2024-11-14 13:00:00,2024-11-15 22:00:00,Critical,Support B,Connectivity
19312557,2025-02-21 12:00:00,2025-02-23 02:00:00,Medium,Support A,Connectivity
56d0d31e,2025-01-15 21:00:00,2025-01-18 03:00:00,Critical,Support A,Error Message
afa40a2d,2025-06-18 02:00:00,2025-06-20 10:00:00,Medium,Support C,Slow Performance
94ad3cea,2025-06-02 08:00:00,2025-06-04 23:00:00,Medium,Support A,Connectivity
ea7fe56a,2024-11-14 04:00:00,2024-11-18 04:00:00,Critical,Support A,Connectivity
be1e8154,2025-01-05 23:00:00,2025-01-07 18:00:00,Critical,Support B,Login Issue
a8523e71,2025-02-20 12:00:00,2025-02-21 16:00:00,Medium,Support A,Connectivity
a0755295,2024-10-13 13:00:00,2024-10-14 03:00:00,Critical,Support C,Login Issue
056fe865,2025-03-28 04:00:00,2025-03-29 10:00:00,Medium,Support B,Slow Performance
568f5178,2024-10-26 06:00:00,2024-10-28 05:00:00,High,Support C,Slow Performance
4e10ac30,2025-02-10 02:00:00,2025-02-13 21:00:00,Critical,Support B,Slow Performance
1ef8f570,2024-10-30 03:00:00,2024-10-31 14:00:00,High,Support A,Feature Request
dbccd591,2025-05-01 00:00:00,2025-05-03 05:00:00,Low,Support B,Slow Performance
848483f3,2024-11-17 11:00:00,2024-11-19 10:00:00,High,Support B,Connectivity
a4910e1b,2024-10-08 22:00:00,2024-10-12 02:00:00,High,Support A,Error Message
6490f65c,2025-01-04 20:00:00,2025-01-09 08:00:00,Medium,Support A,Login Issue
c57ea583,2024-11-10 20:00:00,2024-11-12 07:00:00,High,Support C,Feature Request
6b85bf5f,2025-02-01 23:00:00,2025-02-03 11:00:00,Critical,Support C,Slow Performance
6dd2c7be,2025-06-12 06:00:00,2025-06-15 07:00:00,Medium,Support A,Slow Performance
8205e73d,2024-11-19 08:00:00,2024-11-22 00:00:00,Low,Support A,Error Message
77177029,2025-02-16 15:00:00,2025-02-20 11:00:00,Critical,Support A,Error Message
556fafa0,2025-02-19 10:00:00,2025-02-22 00:00:00,Low,Support B,Feature Request
771a12b3,2024-10-06 07:00:00,2024-10-07 22:00:00,High,Support B,Login Issue
db6ef4f1,2024-12-26 01:00:00,2024-12-28 15:00:00,Critical,Support B,Slow Performance
ac700c83,2024-12-15 16:00:00,2024-12-18 18:00:00,Critical,Support A,Feature Request
c7fb83c2,2025-06-01 22:00:00,2025-06-04 17:00:00,Low,Support C,Connectivity
5c7d4873,2024-10-24 17:00:00,2024-10-27 05:00:00,Critical,Support A,Connectivity
125eac15,2025-05-15 18:00:00,2025-05-18 19:00:00,Critical,Support B,Feature Request
dbfec9d3,2024-12-18 23:00:00,2024-12-22 03:00:00,Critical,Support B,Slow Performance
04d91011,2025-01-22 21:00:00,2025-01-26 06:00:00,High,Support A,Feature Request
eec620d3,2025-03-10 23:00:00,2025-03-13 14:00:00,Low,Support A,Slow Performance
174452bf,2025-04-15 17:00:00,2025-04-17 12:00:00,Critical,Support B,Error Message
f7d4a3f5,2025-03-17 06:00:00,2025-03-19 09:00:00,Medium,Support B,Feature Request
c12c65b9,2025-01-29 21:00:00,2025-02-02 01:00:00,Medium,Support B,Slow Performance
5571d318,2024-12-10 06:00:00,2024-12-11 10:00:00,Medium,Support A,Feature Request
cb79af9b,2025-02-03 09:00:00,2025-02-05 17:00:00,Medium,Support B,Feature Request
64aef928,2024-10-07 10:00:00,2024-10-09 00:00:00,High,Support B,Slow Performance
c883f05f,2025-01-14 17:00:00,2025-01-16 17:00:00,Critical,Support C,Slow Performance
753bc71b,2024-11-28 17:00:00,2024-12-01 23:00:00,Low,Support A,Login Issue
7e66b747,2025-03-19 01:00:00,2025-03-21 05:00:00,Critical,Support C,Feature Request
7f5fa767,2024-11-02 16:00:00,2024-11-04 17:00:00,High,Support C,Connectivity
6a1bf027,2025-02-10 07:00:00,2025-02-10 22:00:00,Medium,Support B,Feature Request
44e322e1,2025-03-30 21:00:00,2025-04-02 14:00:00,High,Support A,Feature Request
1c2bc743,2025-05-22 04:00:00,2025-05-24 19:00:00,Critical,Support B,Slow Performance
e1b40a92,2025-05-30 17:00:00,2025-06-03 20:00:00,Low,Support A,Feature Request
819909e8,2025-01-25 22:00:00,2025-01-27 14:00:00,High,Support C,Feature Request
c6fe99ac,2024-10-23 09:00:00,2024-10-25 14:00:00,Low,Support A,Connectivity
901353f2,2025-06-07 10:00:00,2025-06-09 15:00:00,High,Support B,Slow Performance
38a1e120,2024-12-16 17:00:00,2024-12-20 06:00:00,Low,Support B,Feature Request
445c0d65,2025-04-28 00:00:00,2025-04-29 21:00:00,Low,Support B,Error Message
fc391203,2025-01-11 07:00:00,2025-01-13 13:00:00,Medium,Support A,Login Issue
ee63c7c2,2024-10-22 20:00:00,2024-10-25 10:00:00,Low,Support C,Connectivity
a94564ce,2025-05-23 09:00:00,2025-05-25 13:00:00,Medium,Support C,Feature Request
5ec8914f,2025-01-31 22:00:00,2025-02-02 11:00:00,Critical,Support A,Error Message
eeae92a0,2025-03-22 03:00:00,2025-03-24 07:00:00,Critical,Support B,Feature Request
4b0ca475,2025-04-18 04:00:00,2025-04-21 05:00:00,Medium,Support C,Feature Request
bb39e7d6,2025-03-21 11:00:00,2025-03-22 10:00:00,Medium,Support B,Slow Performance
614ef47a,2025-01-07 16:00:00,2025-01-09 19:00:00,High,Support A,Slow Performance
c56b7e22,2025-03-10 07:00:00,2025-03-11 14:00:00,High,Support B,Slow Performance
00bebfdb,2025-04-06 07:00:00,2025-04-09 11:00:00,High,Support C,Error Message
9b2be682,2025-01-21 13:00:00,2025-01-22 00:00:00,Critical,Support C,Feature Request
543fad61,2024-11-10 11:00:00,2024-11-11 21:00:00,High,Support B,Login Issue
89dd8095,2025-06-08 02:00:00,2025-06-10 11:00:00,Low,Support A,Connectivity
1e0b9ddb,2024-11-18 14:00:00,2024-11-22 03:00:00,Low,Support B,Slow Performance
a3bc4e47,2025-05-06 03:00:00,2025-05-08 01:00:00,High,Support A,Slow Performance
8d12a505,2025-04-24 09:00:00,2025-04-25 19:00:00,Low,Support B,Feature Request
fde0881c,2025-06-04 15:00:00,2025-06-08 12:00:00,Critical,Support C,Feature Request
5746cb8f,2025-01-24 14:00:00,2025-01-25 03:00:00,Low,Support A,Error Message
c2ef12d7,2024-12-22 14:00:00,2024-12-22 15:00:00,Critical,Support A,Error Message
1305089b,2024-11-05 13:00:00,2024-11-07 23:00:00,Medium,Support A,Slow Performance
b008cbd7,2025-03-22 18:00:00,2025-03-24 05:00:00,Medium,Support C,Feature Request
3eecdf37,2025-03-05 16:00:00,2025-03-06 15:00:00,Medium,Support B,Login Issue
bfc99467,2025-03-07 01:00:00,2025-03-09 18:00:00,Medium,Support C,Connectivity
a6f062be,2024-10-24 22:00:00,2024-10-27 03:00:00,Low,Support A,Feature Request
5ab384e3,2025-02-13 21:00:00,2025-02-15 07:00:00,High,Support B,Feature Request
8a6c84cf,2024-11-17 20:00:00,2024-11-18 13:00:00,Low,Support C,Error Message
80a0a5b1,2025-06-20 05:00:00,2025-06-23 01:00:00,Critical,Support A,Connectivity
ad097450,2025-06-27 01:00:00,2025-06-29 16:00:00,Low,Support A,Slow Performance
0243f7d7,2025-06-26 16:00:00,2025-06-28 13:00:00,Low,Support C,Feature Request
63eb9e10,2024-12-11 11:00:00,2024-12-15 07:00:00,Critical,Support C,Slow Performance
819daf62,2025-04-18 01:00:00,2025-04-18 23:00:00,Medium,Support C,Feature Request
6b147998,2025-04-24 13:00:00,2025-04-25 00:00:00,Medium,Support A,Slow Performance
419b5282,2025-03-10 14:00:00,2025-03-11 21:00:00,Medium,Support C,Connectivity
04a63d53,2025-05-04 13:00:00,2025-05-06 11:00:00,High,Support A,Error Message
b195a059,2025-01-12 19:00:00,2025-01-15 00:00:00,Critical,Support C,Connectivity
8351509d,2025-01-19 20:00:00,2025-01-21 14:00:00,Critical,Support A,Login Issue
01a9bfaa,2025-06-24 23:00:00,2025-06-27 07:00:00,Low,Support A,Error Message
3e69937a,2025-02-08 04:00:00,2025-02-08 21:00:00,High,Support B,Connectivity
48aed6ee,2025-05-26 03:00:00,2025-05-29 13:00:00,Medium,Support C,Login Issue
a1ffbae6,2025-02-05 03:00:00,2025-02-07 01:00:00,High,Support C,Feature Request
446d51e1,2024-10-01 04:00:00,2024-10-04 06:00:00,Critical,Support A,Feature Request
6123390b,2025-05-06 14:00:00,2025-05-08 22:00:00,Critical,Support A,Slow Performance
7933908a,2025-05-10 11:00:00,2025-05-12 21:00:00,Low,Support A,Error Message
ae947df0,2025-04-21 21:00:00,2025-04-24 10:00:00,Low,Support B,Feature Request
26a73867,2024-11-06 12:00:00,2024-11-08 22:00:00,Critical,Support B,Error Message
a669cf81,2024-11-11 07:00:00,2024-11-13 22:00:00,Medium,Support A,Feature Request
4a1d3955,2025-03-22 14:00:00,2025-03-25 21:00:00,Medium,Support C,Slow Performance
850a7517,2025-03-31 20:00:00,2025-04-03 00:00:00,High,Support C,Connectivity
52818059,2025-04-05 01:00:00,2025-04-07 18:00:00,Critical,Support B,Slow Performance
31b814ed,2024-10-27 11:00:00,2024-10-29 08:00:00,Critical,Support B,Login Issue
a2eb3ec1,2025-05-06 17:00:00,2025-05-10 03:00:00,Medium,Support A,Feature Request
4531c581,2024-12-10 13:00:00,2024-12-11 20:00:00,Medium,Support C,Login Issue
ade60818,2024-12-10 02:00:00,2024-12-13 21:00:00,Critical,Support A,Login Issue
3c7fab6e,2025-04-17 00:00:00,2025-04-18 23:00:00,Low,Support B,Error Message
3ec14660,2024-10-05 23:00:00,2024-10-06 12:00:00,Critical,Support C,Feature Request
41653f60,2024-11-04 14:00:00,2024-11-06 17:00:00,Critical,Support C,Login Issue
a5269d33,2025-06-04 02:00:00,2025-06-05 09:00:00,Medium,Support B,Connectivity
39c2cbd9,2025-03-03 03:00:00,2025-03-05 23:00:00,Medium,Support A,Login Issue
56550316,2025-05-04 17:00:00,2025-05-06 01:00:00,Low,Support A,Connectivity
59948077,2025-06-10 22:00:00,2025-06-12 11:00:00,Low,Support C,Error Message
bc856a20,2024-11-27 01:00:00,2024-11-27 03:00:00,High,Support B,Login Issue
9fa98b72,2024-10-31 20:00:00,2024-11-02 09:00:00,Critical,Support C,Slow Performance
ae262d53,2024-10-05 20:00:00,2024-10-05 21:00:00,Medium,Support B,Error Message
ee049e3c,2025-06-05 21:00:00,2025-06-06 06:00:00,Low,Support A,Connectivity
92004af9,2025-01-27 06:00:00,2025-01-30 00:00:00,High,Support B,Error Message
980efcd0,2024-11-17 22:00:00,2024-11-20 16:00:00,High,Support A,Login Issue
3d47555a,2024-12-20 11:00:00,2024-12-22 21:00:00,Medium,Support B,Feature Request
8c9199a7,2024-11-12 04:00:00,2024-11-13 04:00:00,Medium,Support C,Feature Request
62e87dea,2024-12-09 08:00:00,2024-12-11 06:00:00,High,Support A,Connectivity
c7933c0d,2024-11-15 01:00:00,2024-11-17 00:00:00,Low,Support C,Connectivity
810bd515,2025-04-16 01:00:00,2025-04-16 21:00:00,High,Support C,Feature Request
10989a67,2024-10-22 08:00:00,2024-10-25 20:00:00,Critical,Support A,Connectivity
d10a6755,2025-01-27 17:00:00,2025-01-30 14:00:00,Critical,Support A,Error Message
13693e15,2025-05-06 07:00:00,2025-05-08 01:00:00,Medium,Support C,Slow Performance
f33b6cba,2025-05-07 05:00:00,2025-05-09 05:00:00,Low,Support C,Slow Performance
0dce2777,2024-10-24 07:00:00,2024-10-26 12:00:00,Low,Support C,Error Message
d7eaab5c,2025-03-03 00:00:00,2025-03-03 01:00:00,Critical,Support C,Slow Performance
a2251e35,2025-04-09 23:00:00,2025-04-11 17:00:00,High,Support A,Login Issue
a4380f3b,2025-04-27 00:00:00,2025-04-28 07:00:00,Medium,Support A,Error Message
c763b3c7,2025-02-17 07:00:00,2025-02-18 06:00:00,High,Support C,Connectivity
294f5477,2025-05-10 04:00:00,2025-05-11 21:00:00,High,Support B,Error Message
e0916e0a,2025-03-19 14:00:00,2025-03-23 09:00:00,High,Support B,Feature Request
57de5bab,2025-04-18 23:00:00,2025-04-21 14:00:00,Low,Support A,Connectivity
78523876,2024-12-01 06:00:00,2024-12-02 16:00:00,Critical,Support C,Feature Request
09d54805,2024-10-25 04:00:00,2024-10-27 17:00:00,Low,Support C,Connectivity
66c87d57,2025-01-04 14:00:00,2025-01-07 23:00:00,Critical,Support A,Slow Performance
50536e4c,2025-02-09 03:00:00,2025-02-12 01:00:00,Medium,Support B,Error Message
3e9e25bf,2025-03-27 01:00:00,2025-03-29 02:00:00,Medium,Support B,Login Issue
b871f7fc,2024-12-09 23:00:00,2024-12-11 07:00:00,High,Support B,Connectivity
5fc36602,2025-02-24 02:00:00,2025-02-26 18:00:00,Critical,Support A,Connectivity
dc3934a0,2025-05-01 04:00:00,2025-05-03 13:00:00,Critical,Support B,Feature Request
e0d1d356,2025-01-23 08:00:00,2025-01-26 05:00:00,Critical,Support A,Slow Performance
963d21ed,2025-02-17 20:00:00,2025-02-20 11:00:00,High,Support A,Feature Request
a8e513d2,2025-03-18 13:00:00,2025-03-21 14:00:00,High,Support C,Feature Request
f17c6d98,2024-11-21 19:00:00,2024-11-23 06:00:00,Medium,Support B,Slow Performance
13dd5129,2025-05-05 04:00:00,2025-05-08 11:00:00,Low,Support A,Login Issue
61e11804,2025-02-07 22:00:00,2025-02-10 02:00:00,Critical,Support B,Feature Request
23feaefc,2025-05-01 16:00:00,2025-05-05 17:00:00,Critical,Support B,Feature Request
7155d814,2024-12-29 05:00:00,2024-12-30 12:00:00,Low,Support C,Connectivity
cd4d5228,2025-06-02 13:00:00,2025-06-06 06:00:00,Critical,Support B,Slow Performance
39694e8a,2025-04-29 13:00:00,2025-05-01 17:00:00,High,Support C,Error Message
12486214,2025-02-05 11:00:00,2025-02-06 19:00:00,High,Support A,Login Issue
92bb9a18,2025-04-08 12:00:00,2025-04-10 00:00:00,Critical,Support B,Login Issue
83549cc2,2025-05-10 19:00:00,2025-05-12 11:00:00,High,Support A,Slow Performance
91fbc226,2025-02-01 07:00:00,2025-02-03 17:00:00,High,Support B,Connectivity
06b6a093,2025-01-03 09:00:00,2025-01-05 21:00:00,Critical,Support A,Connectivity
c5f1d04c,2025-01-12 07:00:00,2025-01-13 17:00:00,Medium,Support B,Slow Performance
4b36f95b,2025-06-28 04:00:00,2025-06-30 03:00:00,Low,Support B,Connectivity
71e58b35,2025-04-12 14:00:00,2025-04-16 17:00:00,High,Support B,Login Issue
152b0713,2024-12-08 03:00:00,2024-12-11 20:00:00,Medium,Support B,Login Issue
dffa2f7e,2025-05-14 08:00:00,2025-05-16 18:00:00,High,Support B,Error Message
2cef2f71,2024-12-13 05:00:00,2024-12-15 05:00:00,High,Support B,Slow Performance
850d542a,2025-04-04 12:00:00,2025-04-06 14:00:00,Low,Support B,Feature Request
67682909,2024-12-26 06:00:00,2024-12-28 20:00:00,High,Support B,Feature Request
9304b2ed,2025-06-03 01:00:00,2025-06-04 00:00:00,Low,Support B,Error Message
2e66778d,2025-06-02 21:00:00,2025-06-04 14:00:00,Low,Support A,Error Message
8f6cc63b,2025-01-27 17:00:00,2025-01-28 00:00:00,Low,Support C,Connectivity
7ee20f3a,2025-02-13 11:00:00,2025-02-15 20:00:00,Medium,Support B,Error Message
46adc3e9,2025-03-05 10:00:00,2025-03-08 01:00:00,Critical,Support C,Error Message
259e16d1,2025-01-12 17:00:00,2025-01-14 05:00:00,Medium,Support B,Feature Request
4d632e0a,2024-12-07 23:00:00,2024-12-11 12:00:00,Critical,Support B,Connectivity
5b087290,2025-01-26 08:00:00,2025-01-27 02:00:00,Critical,Support A,Error Message
414cb969,2024-11-12 07:00:00,2024-11-12 19:00:00,Low,Support A,Error Message
d0183c7b,2024-11-26 04:00:00,2024-11-28 09:00:00,High,Support C,Connectivity
d5412035,2025-04-11 03:00:00,2025-04-14 04:00:00,Low,Support A,Slow Performance
f1bbbad0,2025-02-06 15:00:00,2025-02-10 07:00:00,High,Support A,Connectivity
3fd76bc9,2025-01-27 07:00:00,2025-01-28 19:00:00,Critical,Support C,Feature Request
fc99657e,2024-10-14 23:00:00,2024-10-18 00:00:00,Low,Support A,Slow Performance
99078ccb,2025-06-02 22:00:00,2025-06-04 21:00:00,High,Support B,Login Issue
74ffa355,2025-06-24 17:00:00,2025-06-26 12:00:00,Medium,Support C,Connectivity
975e3205,2025-04-10 08:00:00,2025-04-13 05:00:00,High,Support C,Feature Request
dd2fb08e,2024-11-07 07:00:00,2024-11-09 22:00:00,Low,Support B,Slow Performance
1cf51219,2025-06-20 15:00:00,2025-06-21 01:00:00,Medium,Support A,Connectivity
ac0eaee6,2025-02-25 18:00:00,2025-03-01 05:00:00,High,Support C,Error Message
9a83df80,2024-11-05 11:00:00,2024-11-08 20:00:00,High,Support C,Connectivity
b65cf87d,2024-12-10 07:00:00,2024-12-11 15:00:00,High,Support B,Login Issue
c3dd683c,2024-12-20 11:00:00,2024-12-22 20:00:00,High,Support B,Connectivity
dc877ce1,2025-03-06 02:00:00,2025-03-08 13:00:00,High,Support A,Slow Performance
c21f463c,2025-01-10 03:00:00,2025-01-12 09:00:00,Medium,Support C,Slow Performance
54b76c40,2024-12-05 08:00:00,2024-12-06 18:00:00,Critical,Support A,Connectivity
4f271704,2025-03-16 16:00:00,2025-03-17 23:00:00,Medium,Support A,Slow Performance
38d6dcfe,2025-04-29 12:00:00,2025-05-01 11:00:00,Medium,Support B,Error Message
83a96d91,2025-01-23 02:00:00,2025-01-26 06:00:00,Medium,Support C,Connectivity
affb79ce,2025-02-23 18:00:00,2025-02-26 07:00:00,Critical,Support C,Error Message
f12367a3,2025-05-27 20:00:00,2025-05-29 11:00:00,Low,Support C,Error Message
3454d8f5,2025-05-13 11:00:00,2025-05-16 05:00:00,Critical,Support B,Feature Request
89933aec,2025-05-19 16:00:00,2025-05-19 17:00:00,Medium,Support B,Connectivity
f5ce46e9,2025-05-09 07:00:00,2025-05-12 10:00:00,High,Support B,Slow Performance
aeeaf715,2025-03-13 01:00:00,2025-03-13 07:00:00,High,Support B,Error Message
427cd429,2024-11-14 10:00:00,2024-11-16 01:00:00,Medium,Support B,Feature Request
f091eadd,2025-04-01 12:00:00,2025-04-02 09:00:00,High,Support C,Connectivity
8ddb1897,2025-01-10 20:00:00,2025-01-11 12:00:00,Medium,Support A,Connectivity
fe2e1914,2025-03-21 03:00:00,2025-03-24 06:00:00,High,Support C,Login Issue
7dcc7516,2025-05-27 14:00:00,2025-05-29 02:00:00,Critical,Support A,Login Issue
66019c80,2025-02-18 13:00:00,2025-02-20 21:00:00,Low,Support B,Error Message
0db4169c,2025-03-15 09:00:00,2025-03-17 07:00:00,Low,Support A,Login Issue
8dcc6902,2025-01-15 02:00:00,2025-01-17 13:00:00,Critical,Support C,Error Message
2bc71ae4,2024-11-01 09:00:00,2024-11-03 10:00:00,Critical,Support C,Slow Performance
390b83f4,2024-12-26 18:00:00,2024-12-27 11:00:00,Medium,Support A,Error Message
2206eaf4,2025-01-24 14:00:00,2025-01-27 13:00:00,Medium,Support B,Login Issue
b9b08005,2025-01-29 16:00:00,2025-01-31 04:00:00,Medium,Support B,Slow Performance
cd053628,2025-03-24 09:00:00,2025-03-24 19:00:00,High,Support C,Login Issue
ddddea6b,2024-11-02 07:00:00,2024-11-03 20:00:00,Medium,Support A,Error Message
1dedd8a9,2024-12-07 17:00:00,2024-12-11 05:00:00,Critical,Support B,Feature Request
b4d9c14e,2025-02-05 21:00:00,2025-02-08 17:00:00,Low,Support B,Connectivity
d5c50815,2024-10-18 09:00:00,2024-10-20 00:00:00,High,Support C,Login Issue
879f24fc,2024-10-05 18:00:00,2024-10-07 09:00:00,Medium,Support B,Error Message
fa4b7eeb,2024-10-26 16:00:00,2024-10-28 08:00:00,High,Support A,Slow Performance
ba2a2d53,2025-03-15 14:00:00,2025-03-19 15:00:00,High,Support C,Login Issue
e0a8d6cc,2025-02-14 03:00:00,2025-02-16 12:00:00,Medium,Support C,Login Issue
e75ee299,2024-11-04 09:00:00,2024-11-06 19:00:00,High,Support A,Connectivity
916e6497,2025-05-28 09:00:00,2025-05-31 09:00:00,Low,Support C,Error Message
178c7670,2024-12-03 04:00:00,2024-12-05 09:00:00,Critical,Support B,Feature Request
11c73e9d,2025-02-09 02:00:00,2025-02-10 19:00:00,Critical,Support B,Slow Performance
13f11e92,2024-10-18 04:00:00,2024-10-19 23:00:00,Low,Support A,Error Message
01a9f75d,2024-10-31 08:00:00,2024-11-02 06:00:00,High,Support B,Slow Performance
69f70be0,2025-02-17 12:00:00,2025-02-19 11:00:00,Medium,Support A,Login Issue
bd7b8daf,2025-01-26 00:00:00,2025-01-28 17:00:00,High,Support A,Connectivity
bd26af5e,2024-10-29 03:00:00,2024-10-31 04:00:00,Low,Support B,Connectivity
8a40e78a,2025-02-22 09:00:00,2025-02-25 02:00:00,High,Support A,Feature Request
ca23fd7f,2025-06-07 12:00:00,2025-06-09 10:00:00,Critical,Support B,Connectivity
9a58a433,2025-01-13 08:00:00,2025-01-15 09:00:00,High,Support C,Login Issue
7c57ed00,2025-02-01 15:00:00,2025-02-01 16:00:00,Low,Support C,Feature Request
a21f4dac,2025-06-21 23:00:00,2025-06-24 20:00:00,Critical,Support A,Error Message
02e9ccfa,2025-01-25 02:00:00,2025-01-27 10:00:00,High,Support B,Connectivity
cda556e4,2024-11-16 18:00:00,2024-11-19 17:00:00,High,Support B,Feature Request
3340178e,2025-03-19 23:00:00,2025-03-20 00:00:00,Critical,Support C,Login Issue
4154c8bd,2024-12-05 11:00:00,2024-12-09 13:00:00,Medium,Support C,Slow Performance
0aacac9c,2025-04-30 09:00:00,2025-05-02 05:00:00,Critical,Support B,Slow Performance
d62cce1b,2025-05-01 16:00:00,2025-05-04 18:00:00,Medium,Support A,Login Issue
f1f4e94a,2024-12-29 07:00:00,2024-12-30 06:00:00,Low,Support C,Login Issue
2d05106d,2024-12-10 07:00:00,2024-12-12 21:00:00,Low,Support A,Slow Performance
9e76ee2c,2025-03-22 04:00:00,2025-03-23 02:00:00,Critical,Support A,Feature Request
e08f738d,2025-03-10 11:00:00,2025-03-11 20:00:00,Critical,Support C,Slow Performance
4d4b9a3d,2025-02-21 08:00:00,2025-02-25 05:00:00,Low,Support A,Login Issue
cd81be57,2025-03-06 22:00:00,2025-03-08 17:00:00,Medium,Support A,Connectivity
dc67d5b2,2025-05-24 04:00:00,2025-05-26 09:00:00,Low,Support B,Error Message
7ea8584b,2025-01-05 22:00:00,2025-01-08 18:00:00,Critical,Support A,Connectivity
12686b6c,2025-06-23 00:00:00,2025-06-25 11:00:00,Low,Support B,Connectivity
9f028396,2025-01-30 10:00:00,2025-02-01 13:00:00,Critical,Support C,Login Issue
e22a8c0d,2025-04-26 00:00:00,2025-04-28 08:00:00,Critical,Support C,Slow Performance
3a6c13a2,2025-06-04 13:00:00,2025-06-08 22:00:00,Low,Support B,Feature Request
4b733cdb,2025-05-13 16:00:00,2025-05-15 14:00:00,Medium,Support C,Connectivity
d778e099,2025-03-14 16:00:00,2025-03-16 20:00:00,High,Support A,Slow Performance
6ef48fd1,2025-06-16 13:00:00,2025-06-19 14:00:00,Low,Support A,Feature Request
c5b01b9d,2024-10-25 19:00:00,2024-10-28 21:00:00,High,Support A,Connectivity
7042d11f,2025-06-07 23:00:00,2025-06-11 03:00:00,Low,Support C,Feature Request
6b311ba3,2024-10-31 08:00:00,2024-11-02 23:00:00,High,Support A,Slow Performance
47f42ac4,2024-11-26 21:00:00,2024-11-27 17:00:00,Medium,Support C,Error Message
1638d963,2025-04-06 04:00:00,2025-04-09 19:00:00,Medium,Support A,Slow Performance
7b0f20eb,2024-10-30 02:00:00,2024-10-30 22:00:00,Low,Support B,Login Issue
e24f75c1,2025-06-21 08:00:00,2025-06-23 15:00:00,Critical,Support C,Feature Request
63fd184d,2025-05-27 19:00:00,2025-05-29 00:00:00,High,Support C,Error Message
a9daf53c,2024-10-17 11:00:00,2024-10-19 09:00:00,Critical,Support A,Feature Request
277dbde2,2025-03-23 19:00:00,2025-03-26 02:00:00,Critical,Support C,Feature Request
3376d851,2025-03-31 16:00:00,2025-04-02 23:00:00,Critical,Support C,Connectivity
ecd6ca61,2025-01-13 06:00:00,2025-01-15 16:00:00,Medium,Support B,Login Issue
a4aba78f,2024-12-15 19:00:00,2024-12-19 09:00:00,Low,Support B,Feature Request
0052d644,2024-10-30 21:00:00,2024-11-02 07:00:00,Low,Support A,Slow Performance
cfa6b83b,2025-01-24 22:00:00,2025-01-26 16:00:00,Medium,Support B,Slow Performance
d36bbca1,2025-04-25 02:00:00,2025-04-28 01:00:00,Medium,Support A,Connectivity
9bbd3497,2025-02-27 01:00:00,2025-03-02 05:00:00,Low,Support A,Login Issue
3da00d87,2025-05-17 14:00:00,2025-05-18 08:00:00,Critical,Support A,Login Issue
1d1f6d43,2024-10-06 23:00:00,2024-10-09 13:00:00,High,Support C,Slow Performance
66e09660,2025-04-26 12:00:00,2025-04-29 04:00:00,High,Support B,Error Message
d7f846b2,2025-02-08 20:00:00,2025-02-10 12:00:00,High,Support A,Connectivity
3897739b,2025-04-06 03:00:00,2025-04-09 12:00:00,Critical,Support B,Connectivity
6499a2d2,2025-01-31 10:00:00,2025-02-02 06:00:00,Low,Support A,Slow Performance
cb7f04a3,2025-05-21 20:00:00,2025-05-23 23:00:00,Medium,Support B,Slow Performance
b7c92f16,2025-03-01 12:00:00,2025-03-03 07:00:00,Low,Support B,Error Message
f1dee756,2025-02-12 06:00:00,2025-02-14 06:00:00,Critical,Support A,Error Message
9514a878,2024-11-18 15:00:00,2024-11-19 12:00:00,Medium,Support C,Login Issue
12e00cf1,2025-01-18 00:00:00,2025-01-18 13:00:00,Critical,Support B,Connectivity
06e6f660,2024-11-14 06:00:00,2024-11-17 20:00:00,High,Support C,Connectivity
be7c5136,2024-12-29 20:00:00,2024-12-30 23:00:00,High,Support C,Slow Performance
7a5e9f2f,2025-05-04 01:00:00,2025-05-05 01:00:00,Critical,Support A,Login Issue
c2f3968a,2025-05-10 01:00:00,2025-05-10 02:00:00,Medium,Support A,Connectivity
91a8d64b,2025-02-02 06:00:00,2025-02-03 14:00:00,Medium,Support A,Login Issue
25e009a5,2025-02-15 06:00:00,2025-02-15 22:00:00,Low,Support B,Login Issue
93868fc2,2025-04-16 01:00:00,2025-04-19 16:00:00,High,Support A,Slow Performance
5a8473e3,2024-11-18 04:00:00,2024-11-21 04:00:00,Low,Support A,Login Issue
13fbbd9f,2025-05-11 06:00:00,2025-05-12 13:00:00,Low,Support B,Error Message
71aff7e9,2024-10-31 12:00:00,2024-11-04 18:00:00,Critical,Support B,Error Message
038b03d9,2025-03-30 10:00:00,2025-04-02 09:00:00,Critical,Support A,Feature Request
391c39e0,2025-04-20 22:00:00,2025-04-22 14:00:00,Low,Support A,Slow Performance
cc2fbd39,2024-11-09 17:00:00,2024-11-09 18:00:00,High,Support A,Feature Request
27a44e0f,2025-01-14 19:00:00,2025-01-19 01:00:00,Critical,Support A,Error Message
78fd823a,2025-02-16 12:00:00,2025-02-17 02:00:00,Low,Support C,Feature Request
5d6a65a6,2025-02-15 13:00:00,2025-02-15 21:00:00,Low,Support C,Slow Performance
a13b7875,2024-12-04 06:00:00,2024-12-07 06:00:00,Low,Support A,Slow Performance
c8b5773f,2025-05-09 13:00:00,2025-05-13 23:00:00,Low,Support C,Login Issue
3d0a79c3,2025-05-29 12:00:00,2025-06-01 21:00:00,Low,Support B,Connectivity
1805f13b,2024-11-19 15:00:00,2024-11-22 04:00:00,Low,Support C,Login Issue
1379d8fd,2025-06-21 01:00:00,2025-06-23 15:00:00,Critical,Support C,Slow Performance
e58f04cd,2025-05-18 16:00:00,2025-05-21 12:00:00,High,Support A,Error Message
fd6ca3da,2025-02-02 17:00:00,2025-02-05 11:00:00,Low,Support C,Error Message
e316549b,2025-01-20 17:00:00,2025-01-22 23:00:00,Medium,Support C,Login Issue
13da317f,2024-11-20 17:00:00,2024-11-22 19:00:00,Critical,Support C,Slow Performance
5eb4e2fc,2024-12-04 04:00:00,2024-12-06 02:00:00,Critical,Support C,Error Message
4ce3f7c6,2025-06-15 04:00:00,2025-06-16 09:00:00,Low,Support B,Slow Performance
bd7ec860,2025-02-12 20:00:00,2025-02-14 13:00:00,Critical,Support A,Error Message
5bf78065,2025-05-19 21:00:00,2025-05-20 04:00:00,Low,Support A,Slow Performance
cafd2a49,2025-01-08 10:00:00,2025-01-10 07:00:00,High,Support B,Feature Request
03f6ccc9,2025-03-04 23:00:00,2025-03-05 23:00:00,High,Support C,Slow Performance
555e0243,2025-05-22 23:00:00,2025-05-23 20:00:00,Critical,Support B,Slow Performance
65d33077,2024-11-27 20:00:00,2024-11-30 00:00:00,Critical,Support C,Login Issue
71fff7fa,2024-12-17 08:00:00,2024-12-20 17:00:00,Medium,Support B,Feature Request
7d483fbe,2024-11-26 21:00:00,2024-11-29 19:00:00,Critical,Support A,Connectivity
274046ac,2024-10-21 19:00:00,2024-10-22 05:00:00,Medium,Support A,Login Issue
2dd688ba,2024-12-10 00:00:00,2024-12-11 00:00:00,High,Support A,Connectivity
49a52d77,2024-10-22 06:00:00,2024-10-25 04:00:00,High,Support C,Error Message
be42e547,2025-03-29 16:00:00,2025-03-30 16:00:00,Low,Support C,Connectivity
15bd8a73,2024-11-25 04:00:00,2024-11-26 22:00:00,High,Support B,Slow Performance
fc116805,2024-11-18 03:00:00,2024-11-20 16:00:00,Medium,Support B,Connectivity
d4af624f,2024-12-16 03:00:00,2024-12-17 03:00:00,Critical,Support A,Login Issue
dc17eff5,2025-02-08 21:00:00,2025-02-10 23:00:00,Low,Support C,Login Issue
49c1ff3e,2025-02-23 06:00:00,2025-02-23 21:00:00,Medium,Support B,Connectivity
6ebbd1b9,2024-12-15 10:00:00,2024-12-16 19:00:00,Critical,Support C,Login Issue
96a1da8d,2025-01-30 19:00:00,2025-02-02 02:00:00,Low,Support C,Login Issue
23dbd0f1,2025-05-09 21:00:00,2025-05-10 06:00:00,High,Support A,Connectivity
492c3d96,2025-01-01 06:00:00,2025-01-03 16:00:00,Medium,Support A,Feature Request
11e97a9c,2025-03-24 10:00:00,2025-03-26 09:00:00,Critical,Support C,Feature Request
2e76f5bb,2024-10-30 17:00:00,2024-11-02 06:00:00,Low,Support C,Error Message
d2af411f,2025-06-07 01:00:00,2025-06-09 06:00:00,Low,Support C,Login Issue
fd3ef019,2025-02-28 02:00:00,2025-03-03 10:00:00,High,Support C,Connectivity
ecf3fb7b,2025-03-22 06:00:00,2025-03-24 09:00:00,Critical,Support A,Login Issue
69284272,2025-02-24 18:00:00,2025-02-26 07:00:00,High,Support B,Slow Performance
733621f0,2025-03-27 20:00:00,2025-03-29 22:00:00,High,Support A,Login Issue
2a29a663,2025-04-16 20:00:00,2025-04-19 09:00:00,Critical,Support B,Login Issue
71eb4a7f,2025-04-21 01:00:00,2025-04-23 02:00:00,Critical,Support C,Feature Request
fe6e6a2f,2024-11-21 19:00:00,2024-11-23 19:00:00,Critical,Support B,Connectivity
24b0cf39,2025-03-04 13:00:00,2025-03-05 20:00:00,Medium,Support A,Login Issue
550b2468,2024-11-15 01:00:00,2024-11-16 09:00:00,Critical,Support A,Feature Request
6ae2ec2e,2025-05-29 19:00:00,2025-05-30 09:00:00,Low,Support C,Error Message
dabf4e4a,2024-10-19 23:00:00,2024-10-23 16:00:00,High,Support A,Feature Request
818d4992,2025-04-24 04:00:00,2025-04-24 22:00:00,Medium,Support C,Feature Request
8cb81d22,2024-11-07 06:00:00,2024-11-08 13:00:00,Critical,Support A,Feature Request
9887a0f4,2024-11-27 16:00:00,2024-11-28 22:00:00,Medium,Support A,Login Issue
991d987c,2024-12-21 14:00:00,2024-12-24 11:00:00,Critical,Support C,Login Issue
add94565,2025-02-06 00:00:00,2025-02-07 16:00:00,Medium,Support B,Error Message
12bb70af,2024-12-23 04:00:00,2024-12-26 09:00:00,High,Support A,Slow Performance
279d6f3e,2025-06-28 11:00:00,2025-06-29 18:00:00,High,Support B,Slow Performance
dddeb1a4,2025-03-28 13:00:00,2025-03-30 19:00:00,Low,Support A,Slow Performance
fab84f0e,2024-10-22 00:00:00,2024-10-23 03:00:00,Low,Support A,Error Message
368346bc,2024-11-20 14:00:00,2024-11-24 17:00:00,Critical,Support A,Slow Performance
ad3ea443,2024-12-03 19:00:00,2024-12-04 14:00:00,High,Support A,Slow Performance
d162c1dc,2025-02-21 08:00:00,2025-02-23 15:00:00,Medium,Support B,Feature Request
277544ea,2024-11-04 07:00:00,2024-11-06 22:00:00,Medium,Support B,Login Issue
b9454b95,2024-11-08 16:00:00,2024-11-11 01:00:00,Medium,Support A,Login Issue
299827f1,2025-04-28 13:00:00,2025-04-30 08:00:00,Low,Support A,Feature Request
7d0a9077,2025-05-07 04:00:00,2025-05-09 00:00:00,Medium,Support B,Feature Request
31240cce,2024-10-06 13:00:00,2024-10-08 14:00:00,Low,Support C,Feature Request
08654bb0,2024-12-27 17:00:00,2024-12-29 13:00:00,Low,Support C,Login Issue
cb63a244,2025-03-01 03:00:00,2025-03-04 02:00:00,Critical,Support B,Slow Performance
0389b01f,2025-04-18 04:00:00,2025-04-22 09:00:00,Medium,Support A,Feature Request
cfb4f4a8,2025-06-21 04:00:00,2025-06-22 14:00:00,Medium,Support A,Error Message
2f854b33,2024-12-17 04:00:00,2024-12-17 19:00:00,High,Support C,Feature Request
e6e78de1,2025-04-23 14:00:00,2025-04-25 11:00:00,Critical,Support C,Connectivity
cbe65cfd,2025-05-08 12:00:00,2025-05-13 01:00:00,High,Support B,Feature Request
2e3de439,2025-03-23 23:00:00,2025-03-25 03:00:00,Critical,Support C,Login Issue
92f41117,2025-01-31 05:00:00,2025-02-03 20:00:00,Medium,Support B,Feature Request
87e4f7c8,2025-02-14 20:00:00,2025-02-18 12:00:00,Low,Support C,Connectivity
143fc0b1,2025-03-29 02:00:00,2025-03-30 12:00:00,Low,Support C,Error Message
bc3361fa,2025-01-26 03:00:00,2025-01-28 16:00:00,Low,Support C,Slow Performance
8f690a18,2025-05-11 20:00:00,2025-05-15 11:00:00,Low,Support A,Feature Request
c8f833f9,2025-05-30 11:00:00,2025-06-01 01:00:00,Low,Support A,Connectivity
3f40f494,2024-11-22 02:00:00,2024-11-23 21:00:00,High,Support A,Connectivity
33b163a2,2025-05-29 18:00:00,2025-05-31 04:00:00,Critical,Support C,Error Message
bc403ee1,2025-05-24 11:00:00,2025-05-25 10:00:00,Medium,Support B,Login Issue
6149b3fb,2025-02-24 08:00:00,2025-02-25 16:00:00,High,Support B,Feature Request
eb394053,2025-06-15 22:00:00,2025-06-16 16:00:00,Critical,Support B,Connectivity
8ab166b5,2024-11-22 08:00:00,2024-11-24 08:00:00,Low,Support B,Error Message
f786ff61,2025-02-18 16:00:00,2025-02-19 21:00:00,Critical,Support A,Slow Performance
8c94b7b5,2025-05-24 05:00:00,2025-05-26 10:00:00,Critical,Support A,Connectivity
8465daf6,2025-05-08 06:00:00,2025-05-08 16:00:00,Low,Support C,Error Message
e4c6569b,2025-02-23 06:00:00,2025-02-25 13:00:00,Low,Support C,Login Issue
ad1d73eb,2025-02-27 08:00:00,2025-03-02 04:00:00,Low,Support B,Login Issue
4f7c444a,2024-11-28 04:00:00,2024-11-28 05:00:00,Medium,Support A,Connectivity
40b62a3f,2025-03-01 13:00:00,2025-03-03 21:00:00,Low,Support B,Connectivity
2b3bdb95,2025-02-16 18:00:00,2025-02-19 23:00:00,Medium,Support C,Feature Request
5271ce66,2025-01-21 15:00:00,2025-01-22 09:00:00,Low,Support C,Error Message
b5c7d580,2024-10-20 14:00:00,2024-10-24 06:00:00,Medium,Support B,Connectivity
fb0272ca,2025-05-02 19:00:00,2025-05-05 05:00:00,Critical,Support C,Feature Request
3bb334cf,2024-11-26 09:00:00,2024-11-27 16:00:00,High,Support B,Feature Request
4e378072,2025-01-24 23:00:00,2025-01-26 21:00:00,Critical,Support A,Connectivity
43db7075,2025-01-26 23:00:00,2025-01-29 12:00:00,Critical,Support B,Login Issue
3b1a4447,2025-04-29 23:00:00,2025-05-02 00:00:00,Low,Support A,Error Message
61e1dff6,2024-10-15 21:00:00,2024-10-18 09:00:00,Medium,Support A,Error Message
b46ffe0d,2025-02-03 19:00:00,2025-02-04 20:00:00,High,Support C,Login Issue
353073bd,2024-10-28 19:00:00,2024-10-30 23:00:00,Low,Support C,Connectivity
6bdb7f88,2025-04-05 04:00:00,2025-04-05 18:00:00,Low,Support C,Error Message
3d7c31c9,2025-05-02 15:00:00,2025-05-04 12:00:00,Low,Support B,Connectivity
8bd2f0c8,2024-11-17 17:00:00,2024-11-18 19:00:00,Critical,Support B,Connectivity
9f028fed,2025-05-16 19:00:00,2025-05-18 01:00:00,Medium,Support C,Feature Request
a3813f4a,2025-03-24 09:00:00,2025-03-27 14:00:00,Medium,Support B,Login Issue
d29ed743,2025-03-04 23:00:00,2025-03-08 01:00:00,High,Support C,Connectivity
04d21c84,2025-01-23 09:00:00,2025-01-25 23:00:00,Medium,Support B,Slow Performance
02302875,2024-10-23 11:00:00,2024-10-24 08:00:00,Medium,Support A,Login Issue
37796399,2025-01-24 19:00:00,2025-01-26 11:00:00,Low,Support A,Error Message
d2507ec5,2025-04-25 20:00:00,2025-04-29 01:00:00,Low,Support C,Feature Request
32836800,2025-03-22 08:00:00,2025-03-24 11:00:00,Critical,Support B,Error Message
6f6eae24,2025-04-20 11:00:00,2025-04-24 18:00:00,Low,Support B,Error Message
41a13d00,2025-03-07 07:00:00,2025-03-09 16:00:00,Low,Support A,Login Issue
02d4e906,2025-06-09 18:00:00,2025-06-11 22:00:00,Low,Support A,Error Message
e783fbfa,2025-05-10 16:00:00,2025-05-12 08:00:00,Low,Support C,Connectivity
fefc8580,2025-04-28 08:00:00,2025-04-30 11:00:00,Critical,Support A,Error Message
5663d78a,2025-06-13 12:00:00,2025-06-15 08:00:00,Low,Support C,Feature Request
98e63e46,2025-01-13 12:00:00,2025-01-16 04:00:00,High,Support A,Feature Request
7a95d849,2025-01-24 19:00:00,2025-01-27 17:00:00,High,Support A,Slow Performance
d94f87ff,2024-11-08 12:00:00,2024-11-09 17:00:00,High,Support B,Feature Request
5aa10b47,2025-02-01 04:00:00,2025-02-01 20:00:00,High,Support A,Error Message
198db44a,2024-12-05 21:00:00,2024-12-06 00:00:00,Low,Support A,Feature Request
9ad393b6,2025-02-16 12:00:00,2025-02-19 00:00:00,High,Support C,Login Issue
eedfdea9,2025-04-05 21:00:00,2025-04-06 18:00:00,Low,Support A,Feature Request
11178bce,2025-05-27 01:00:00,2025-05-27 02:00:00,Critical,Support C,Connectivity
3385ca6c,2024-10-11 15:00:00,2024-10-14 00:00:00,High,Support A,Login Issue
f8d06bfc,2025-04-19 04:00:00,2025-04-23 15:00:00,Medium,Support A,Slow Performance
f5709f53,2024-12-16 14:00:00,2024-12-18 13:00:00,High,Support C,Connectivity
5ab76c54,2024-12-21 00:00:00,2024-12-23 20:00:00,High,Support B,Error Message
5ea0a8ff,2024-10-01 09:00:00,2024-10-03 10:00:00,Low,Support C,Error Message
2e6884da,2025-01-28 15:00:00,2025-01-30 12:00:00,High,Support C,Error Message
4729c1a4,2024-11-03 05:00:00,2024-11-06 03:00:00,Medium,Support C,Connectivity
027d9cf5,2025-04-26 04:00:00,2025-04-27 21:00:00,Low,Support B,Connectivity
ef391226,2025-05-02 12:00:00,2025-05-04 18:00:00,Low,Support A,Connectivity
fbfb95b9,2024-11-12 07:00:00,2024-11-14 14:00:00,Critical,Support C,Login Issue
cedc69a5,2024-12-16 00:00:00,2024-12-17 07:00:00,Critical,Support C,Login Issue
f88f24e5,2025-04-05 05:00:00,2025-04-08 04:00:00,High,Support B,Error Message
ac075395,2025-02-08 16:00:00,2025-02-10 11:00:00,Critical,Support C,Feature Request
172d4e7d,2024-12-31 09:00:00,2025-01-01 14:00:00,Critical,Support A,Error Message
f98340bd,2024-10-10 07:00:00,2024-10-12 19:00:00,Critical,Support B,Slow Performance
5b5b1232,2025-05-12 06:00:00,2025-05-13 08:00:00,Low,Support A,Login Issue
7fd65237,2025-06-21 08:00:00,2025-06-23 08:00:00,Low,Support A,Connectivity
cada1a1d,2025-06-03 18:00:00,2025-06-05 17:00:00,Low,Support B,Login Issue
db7ce21b,2025-04-25 04:00:00,2025-04-28 06:00:00,Critical,Support C,Connectivity
337faee8,2025-03-23 06:00:00,2025-03-25 17:00:00,Low,Support A,Slow Performance
f371a2bb,2025-05-11 08:00:00,2025-05-13 07:00:00,Critical,Support A,Slow Performance
46fe8f8a,2025-03-13 13:00:00,2025-03-16 08:00:00,Low,Support A,Login Issue
de8588db,2025-04-18 08:00:00,2025-04-21 17:00:00,Low,Support A,Connectivity
a2c0b3e9,2025-05-21 12:00:00,2025-05-24 01:00:00,Medium,Support B,Slow Performance
60690327,2025-03-16 16:00:00,2025-03-18 16:00:00,High,Support B,Error Message
056b8a0b,2024-12-08 01:00:00,2024-12-08 17:00:00,Critical,Support A,Error Message
ac3fb6e3,2024-12-29 16:00:00,2024-12-30 14:00:00,Medium,Support C,Connectivity
6eec2294,2024-10-22 06:00:00,2024-10-23 22:00:00,Low,Support A,Login Issue
60425a9c,2024-10-17 00:00:00,2024-10-18 09:00:00,Critical,Support C,Slow Performance
9f0d696c,2024-10-17 20:00:00,2024-10-19 15:00:00,Low,Support A,Login Issue
8edffdac,2025-04-11 05:00:00,2025-04-13 06:00:00,High,Support C,Error Message
eb37304c,2025-04-09 11:00:00,2025-04-11 23:00:00,Medium,Support A,Slow Performance
7c2746bc,2024-12-23 08:00:00,2024-12-25 06:00:00,High,Support C,Login Issue
6111ed0d,2025-01-23 20:00:00,2025-01-26 07:00:00,Medium,Support A,Feature Request
5f192033,2024-12-09 12:00:00,2024-12-11 13:00:00,Low,Support A,Connectivity
dd4990e4,2025-06-07 13:00:00,2025-06-07 14:00:00,High,Support C,Connectivity
4fe79264,2024-11-30 20:00:00,2024-12-01 21:00:00,High,Support B,Feature Request
6debe344,2025-03-01 12:00:00,2025-03-03 08:00:00,Low,Support C,Error Message
91765241,2025-01-22 12:00:00,2025-01-23 06:00:00,High,Support B,Slow Performance
b1cfa12c,2025-04-19 09:00:00,2025-04-21 23:00:00,Critical,Support A,Connectivity
bc016384,2025-03-24 02:00:00,2025-03-27 14:00:00,Medium,Support C,Feature Request
6fb74d4b,2025-05-08 08:00:00,2025-05-11 13:00:00,Medium,Support C,Feature Request
47a727ff,2025-06-07 21:00:00,2025-06-09 15:00:00,Medium,Support C,Error Message
465c0017,2024-12-25 08:00:00,2024-12-28 19:00:00,Critical,Support B,Error Message
ebc194c0,2025-03-22 18:00:00,2025-03-24 21:00:00,Medium,Support B,Login Issue
9ec0288a,2025-04-18 04:00:00,2025-04-19 19:00:00,Low,Support A,Connectivity
5d639331,2024-10-30 20:00:00,2024-11-01 05:00:00,High,Support B,Login Issue
f95211e6,2025-05-20 21:00:00,2025-05-22 13:00:00,Critical,Support B,Feature Request
12d66287,2025-04-08 08:00:00,2025-04-09 22:00:00,Medium,Support A,Slow Performance
f71ea178,2025-04-26 08:00:00,2025-04-28 12:00:00,Low,Support C,Slow Performance
3e1d87ba,2025-04-09 23:00:00,2025-04-12 02:00:00,High,Support C,Error Message
8c234f5a,2024-12-15 23:00:00,2024-12-17 23:00:00,High,Support A,Slow Performance
e579ba5d,2024-12-26 17:00:00,2024-12-29 03:00:00,Critical,Support C,Slow Performance
49e9af60,2025-02-20 11:00:00,2025-02-23 15:00:00,Critical,Support B,Slow Performance
8488714d,2025-06-17 22:00:00,2025-06-20 20:00:00,Critical,Support A,Feature Request
0ed2308e,2024-12-05 14:00:00,2024-12-06 02:00:00,Low,Support A,Slow Performance
6062fe08,2025-06-20 09:00:00,2025-06-20 10:00:00,Low,Support A,Slow Performance
ff4c4abf,2024-10-11 09:00:00,2024-10-14 07:00:00,Critical,Support C,Slow Performance
381f2bb5,2024-10-29 01:00:00,2024-10-29 16:00:00,Medium,Support A,Login Issue
106c640a,2025-04-07 21:00:00,2025-04-09 15:00:00,High,Support A,Feature Request
16eb1239,2024-12-30 05:00:00,2024-12-31 00:00:00,High,Support A,Error Message
6ed3ed46,2024-11-02 02:00:00,2024-11-02 06:00:00,Low,Support C,Login Issue
35878301,2025-03-15 02:00:00,2025-03-17 14:00:00,High,Support B,Connectivity
dc7cb82f,2025-03-31 19:00:00,2025-04-03 13:00:00,Medium,Support A,Feature Request
0578415a,2024-12-22 16:00:00,2024-12-24 02:00:00,High,Support B,Feature Request
fd22b465,2024-11-14 21:00:00,2024-11-14 22:00:00,Low,Support C,Connectivity
08ec91e6,2024-10-10 19:00:00,2024-10-12 05:00:00,Low,Support C,Connectivity
463ba8d8,2024-10-17 04:00:00,2024-10-19 13:00:00,Medium,Support C,Connectivity
ac43e7da,2025-02-04 13:00:00,2025-02-05 01:00:00,Medium,Support C,Error Message
bd8d2a70,2025-04-21 10:00:00,2025-04-23 14:00:00,High,Support B,Slow Performance
be131599,2024-12-17 00:00:00,2024-12-18 23:00:00,High,Support A,Feature Request
b1abe381,2025-04-15 15:00:00,2025-04-18 04:00:00,Low,Support C,Slow Performance
32ebec8c,2025-01-26 06:00:00,2025-01-28 08:00:00,Medium,Support C,Slow Performance
cb56eab4,2025-02-18 14:00:00,2025-02-19 14:00:00,Medium,Support B,Connectivity
0fba5b7a,2025-02-14 14:00:00,2025-02-17 18:00:00,Medium,Support B,Error Message
2401168c,2024-11-22 04:00:00,2024-11-24 00:00:00,High,Support C,Login Issue
8cfa7df5,2025-03-15 21:00:00,2025-03-17 20:00:00,Medium,Support A,Error Message
4a2d920f,2025-04-13 17:00:00,2025-04-14 18:00:00,Low,Support A,Slow Performance
630aaab4,2024-12-28 10:00:00,2024-12-29 23:00:00,Low,Support C,Error Message
221ae3e1,2025-04-07 18:00:00,2025-04-08 20:00:00,High,Support B,Connectivity
831b90d1,2024-12-29 14:00:00,2024-12-31 09:00:00,Critical,Support C,Login Issue
572b8da5,2025-04-21 11:00:00,2025-04-25 04:00:00,High,Support C,Connectivity
5b3dc6ad,2024-11-25 09:00:00,2024-11-26 00:00:00,Critical,Support B,Login Issue
f1fc75f7,2025-06-18 01:00:00,2025-06-18 10:00:00,Medium,Support C,Slow Performance
34460539,2024-11-26 14:00:00,2024-11-30 01:00:00,High,Support C,Login Issue
10cc43e3,2025-01-12 10:00:00,2025-01-14 04:00:00,Low,Support C,Login Issue
36c65bc8,2025-04-08 06:00:00,2025-04-09 13:00:00,Medium,Support B,Login Issue
888976d2,2024-12-24 01:00:00,2024-12-27 01:00:00,Low,Support A,Error Message
62d0756d,2024-11-25 11:00:00,2024-11-26 20:00:00,Medium,Support A,Error Message
4a0d71d9,2025-03-31 00:00:00,2025-04-03 19:00:00,High,Support B,Slow Performance
2f191ea4,2025-03-27 13:00:00,2025-03-30 05:00:00,Critical,Support A,Login Issue
aab1efbd,2024-11-26 14:00:00,2024-11-28 02:00:00,Medium,Support C,Feature Request
3dbbd007,2025-05-02 03:00:00,2025-05-06 06:00:00,Critical,Support A,Slow Performance
7cb74684,2025-04-12 05:00:00,2025-04-13 14:00:00,Medium,Support C,Login Issue
6a431172,2025-04-21 06:00:00,2025-04-23 23:00:00,Low,Support A,Login Issue
fdebbcfa,2025-02-10 09:00:00,2025-02-12 16:00:00,Low,Support B,Error Message
eb1f9a23,2024-12-28 16:00:00,2024-12-31 23:00:00,Medium,Support A,Slow Performance
ba9e4066,2024-12-30 20:00:00,2025-01-03 09:00:00,Critical,Support A,Login Issue
a6194d80,2025-04-22 20:00:00,2025-04-24 20:00:00,High,Support A,Login Issue
a0a58088,2024-10-06 17:00:00,2024-10-07 22:00:00,High,Support B,Slow Performance
ef9da0d0,2025-06-21 15:00:00,2025-06-24 02:00:00,Low,Support A,Feature Request
fc525bac,2025-02-22 16:00:00,2025-02-23 23:00:00,High,Support B,Slow Performance
b475f103,2025-05-16 01:00:00,2025-05-20 01:00:00,Low,Support C,Slow Performance
274885ee,2025-01-27 00:00:00,2025-01-29 03:00:00,High,Support A,Feature Request
659eb9cb,2025-02-27 03:00:00,2025-02-28 18:00:00,Medium,Support B,Slow Performance
c04fe1f0,2025-06-06 19:00:00,2025-06-08 23:00:00,Low,Support B,Login Issue
3a7f18be,2025-02-04 07:00:00,2025-02-04 22:00:00,Low,Support A,Slow Performance
75b4a155,2025-03-23 12:00:00,2025-03-24 12:00:00,Medium,Support C,Feature Request
2c3a6b3d,2025-01-17 01:00:00,2025-01-20 05:00:00,Low,Support B,Connectivity
0da11f9c,2025-06-16 04:00:00,2025-06-17 12:00:00,High,Support A,Slow Performance
936818ff,2025-05-21 01:00:00,2025-05-21 23:00:00,High,Support C,Error Message
957fcb83,2025-03-29 04:00:00,2025-03-31 16:00:00,Low,Support B,Login Issue
c2f5dd3d,2025-06-19 05:00:00,2025-06-22 09:00:00,High,Support B,Login Issue
b62365da,2025-03-09 02:00:00,2025-03-11 19:00:00,Critical,Support C,Error Message
91bda7c5,2025-03-22 10:00:00,2025-03-25 09:00:00,Low,Support C,Error Message
68a78b8e,2025-03-09 07:00:00,2025-03-10 12:00:00,Medium,Support A,Slow Performance
14edd0a2,2025-03-18 10:00:00,2025-03-18 23:00:00,Critical,Support A,Error Message
c44ddeb4,2024-12-19 10:00:00,2024-12-22 22:00:00,Low,Support B,Connectivity
2004686a,2025-06-18 14:00:00,2025-06-20 06:00:00,Medium,Support C,Feature Request
116d2266,2024-11-01 16:00:00,2024-11-03 09:00:00,High,Support C,Error Message
046e0943,2025-06-17 22:00:00,2025-06-21 05:00:00,Medium,Support C,Error Message
0dc9f060,2025-06-11 18:00:00,2025-06-14 07:00:00,Critical,Support B,Connectivity
5bfd3b27,2025-02-21 13:00:00,2025-02-23 23:00:00,High,Support C,Login Issue
edb42720,2025-06-09 07:00:00,2025-06-13 10:00:00,Low,Support C,Login Issue
4fbd2a70,2024-11-07 11:00:00,2024-11-08 19:00:00,High,Support B,Slow Performance
917c4998,2025-04-04 15:00:00,2025-04-07 13:00:00,Low,Support A,Connectivity
11af45ed,2025-01-31 19:00:00,2025-02-02 20:00:00,Low,Support A,Feature Request
ea651d9b,2024-12-11 15:00:00,2024-12-13 21:00:00,Medium,Support B,Feature Request
e7dc3259,2024-10-12 16:00:00,2024-10-16 04:00:00,Medium,Support C,Connectivity
733c982f,2025-02-14 02:00:00,2025-02-16 14:00:00,Medium,Support B,Feature Request
e818636e,2024-12-18 15:00:00,2024-12-21 03:00:00,Critical,Support A,Login Issue
8887901f,2025-02-14 02:00:00,2025-02-17 03:00:00,Critical,Support A,Feature Request
c787a88b,2024-10-28 18:00:00,2024-10-30 09:00:00,Medium,Support B,Feature Request
2e631bfe,2025-03-24 12:00:00,2025-03-25 15:00:00,Critical,Support B,Connectivity
89fd2071,2024-10-28 23:00:00,2024-10-29 21:00:00,High,Support A,Connectivity
ce3e5ec5,2024-12-22 01:00:00,2024-12-22 02:00:00,High,Support B,Feature Request
9b3b2f7c,2025-03-23 04:00:00,2025-03-27 05:00:00,Critical,Support A,Error Message
e7703efe,2025-02-08 02:00:00,2025-02-08 23:00:00,Critical,Support B,Connectivity
b14e475a,2025-05-02 12:00:00,2025-05-04 06:00:00,High,Support B,Slow Performance
8f399a29,2025-05-21 17:00:00,2025-05-23 10:00:00,Low,Support B,Slow Performance
02d807b8,2025-04-14 19:00:00,2025-04-17 02:00:00,High,Support A,Login Issue
98b8be3f,2025-04-18 01:00:00,2025-04-20 20:00:00,High,Support B,Feature Request
9b2286ff,2025-03-12 12:00:00,2025-03-15 08:00:00,Critical,Support A,Error Message
d94d9543,2025-05-19 04:00:00,2025-05-20 14:00:00,High,Support A,Login Issue
776d60fc,2025-06-23 16:00:00,2025-06-25 11:00:00,Critical,Support B,Feature Request
66db6cb1,2024-10-22 19:00:00,2024-10-25 01:00:00,Critical,Support B,Connectivity
36992e8d,2025-01-08 17:00:00,2025-01-10 11:00:00,Medium,Support A,Slow Performance
d3e41d74,2025-02-07 21:00:00,2025-02-11 11:00:00,High,Support A,Error Message
b95da896,2025-01-17 01:00:00,2025-01-19 12:00:00,Low,Support C,Slow Performance
67576437,2024-12-22 00:00:00,2024-12-24 17:00:00,Medium,Support A,Connectivity
83048a5a,2025-05-05 13:00:00,2025-05-08 04:00:00,Critical,Support C,Feature Request
cbc36e65,2024-12-13 01:00:00,2024-12-16 05:00:00,Critical,Support C,Connectivity
9e8d7697,2025-06-05 04:00:00,2025-06-07 08:00:00,Low,Support C,Connectivity
90b0e35b,2025-01-04 16:00:00,2025-01-05 08:00:00,Critical,Support B,Slow Performance
038fa48d,2025-06-15 22:00:00,2025-06-18 07:00:00,High,Support B,Error Message
0a333230,2025-05-07 08:00:00,2025-05-08 16:00:00,Medium,Support A,Connectivity
923259fe,2025-01-03 05:00:00,2025-01-04 16:00:00,Critical,Support C,Slow Performance
4e3518de,2025-01-04 06:00:00,2025-01-06 20:00:00,Critical,Support B,Error Message
27c66a04,2025-05-04 15:00:00,2025-05-07 20:00:00,Low,Support B,Feature Request
4ab29e0d,2025-06-28 13:00:00,2025-06-30 13:00:00,High,Support B,Feature Request
ffc0d732,2025-03-25 02:00:00,2025-03-27 09:00:00,Critical,Support B,Login Issue
ad5afb3c,2025-01-28 22:00:00,2025-02-01 14:00:00,Low,Support B,Slow Performance
2f99542e,2025-03-22 15:00:00,2025-03-24 20:00:00,Critical,Support C,Error Message
05775c11,2025-03-01 20:00:00,2025-03-06 10:00:00,Low,Support C,Connectivity
ee4cccd9,2025-04-03 16:00:00,2025-04-06 05:00:00,Low,Support C,Feature Request
a7a34e79,2025-05-03 09:00:00,2025-05-03 14:00:00,High,Support C,Error Message
e537d5ef,2025-05-13 00:00:00,2025-05-15 18:00:00,Critical,Support A,Slow Performance
ec791454,2024-12-25 15:00:00,2024-12-28 00:00:00,High,Support C,Login Issue
88d2c8be,2025-04-15 16:00:00,2025-04-18 22:00:00,Low,Support B,Feature Request
e6f560f3,2025-06-07 10:00:00,2025-06-10 02:00:00,Medium,Support C,Error Message
f774a6b0,2024-11-23 04:00:00,2024-11-25 00:00:00,Critical,Support A,Error Message
7dd3bab3,2025-05-31 03:00:00,2025-05-31 21:00:00,Medium,Support B,Error Message
e5b4e0b6,2025-01-24 06:00:00,2025-01-26 00:00:00,Critical,Support C,Slow Performance
5a6e3025,2024-10-13 14:00:00,2024-10-14 17:00:00,High,Support C,Slow Performance
f4fe0057,2024-10-27 14:00:00,2024-10-29 00:00:00,High,Support C,Slow Performance
6933e94a,2024-10-03 07:00:00,2024-10-05 21:00:00,High,Support B,Connectivity
a4718336,2025-04-19 21:00:00,2025-04-23 13:00:00,High,Support B,Error Message
a801e502,2024-10-22 21:00:00,2024-10-25 06:00:00,High,Support A,Feature Request
843bf69c,2025-04-09 09:00:00,2025-04-10 04:00:00,Medium,Support B,Slow Performance
adfc8d19,2025-03-21 19:00:00,2025-03-24 05:00:00,High,Support B,Slow Performance
f6e51e06,2024-12-28 13:00:00,2024-12-31 17:00:00,Low,Support C,Error Message
e9287ab1,2025-02-14 23:00:00,2025-02-16 08:00:00,Low,Support B,Slow Performance
9546462a,2024-10-16 04:00:00,2024-10-18 00:00:00,Medium,Support C,Connectivity
ff111312,2025-04-11 13:00:00,2025-04-13 13:00:00,Critical,Support C,Connectivity
c067fa2b,2025-05-15 07:00:00,2025-05-16 12:00:00,Low,Support B,Slow Performance
02571716,2025-04-26 10:00:00,2025-04-29 01:00:00,Critical,Support A,Error Message
