UserID,SignupDate,EmailVerifiedDate,AppInstalledDate,FirstLoginDate,FirstValueDate,TTFV_Hours,SignupWeek
1,2024-06-12,2024-06-12 08:00:00,,,,,2024-06-10
2,2024-01-29,2024-01-29 21:00:00,2024-01-30 08:00:00,2024-01-30 17:00:00,2024-01-31 12:00:00,60.0,2024-01-29
3,2024-01-07,2024-01-07 03:00:00,,,,,2024-01-01
4,2024-03-11,2024-03-11 02:00:00,2024-03-11 14:00:00,2024-03-12 00:00:00,,,2024-03-11
5,2024-03-03,2024-03-03 20:00:00,2024-03-05 10:00:00,2024-03-05 20:00:00,2024-03-08 05:00:00,125.0,2024-02-26
6,2024-02-27,2024-02-27 04:00:00,2024-02-28 11:00:00,2024-02-29 10:00:00,2024-03-02 01:00:00,97.0,2024-02-26
7,2024-02-05,2024-02-05 23:00:00,2024-02-07 02:00:00,2024-02-07 11:00:00,2024-02-10 04:00:00,124.0,2024-02-05
8,2024-01-27,2024-01-27 18:00:00,,,,,2024-01-22
9,2024-06-22,2024-06-22 16:00:00,2024-06-23 22:00:00,2024-06-24 01:00:00,2024-06-24 07:00:00,55.0,2024-06-17
10,2024-05-19,2024-05-19 14:00:00,2024-05-20 12:00:00,2024-05-21 08:00:00,,,2024-05-13
11,2024-01-23,,,,,,2024-01-22
12,2024-05-31,2024-05-31 09:00:00,2024-05-31 12:00:00,2024-05-31 15:00:00,,,2024-05-27
13,2024-04-18,2024-04-18 08:00:00,2024-04-20 05:00:00,2024-04-21 00:00:00,2024-04-21 03:00:00,75.0,2024-04-15
14,2024-01-09,,,,,,2024-01-08
15,2024-01-08,2024-01-08 22:00:00,2024-01-09 17:00:00,2024-01-10 12:00:00,2024-01-10 18:00:00,66.0,2024-01-08
16,2024-01-24,2024-01-24 06:00:00,2024-01-25 14:00:00,,,,2024-01-22
17,2024-02-25,2024-02-25 17:00:00,,,,,2024-02-19
18,2024-02-29,2024-02-29 21:00:00,2024-03-02 03:00:00,,,,2024-02-26
19,2024-05-09,2024-05-09 09:00:00,2024-05-09 22:00:00,2024-05-10 17:00:00,2024-05-13 01:00:00,97.0,2024-05-06
20,2024-06-03,2024-06-03 21:00:00,2024-06-05 06:00:00,,,,2024-06-03
21,2024-01-07,2024-01-07 03:00:00,2024-01-08 11:00:00,2024-01-08 23:00:00,2024-01-11 04:00:00,100.0,2024-01-01
22,2024-05-23,2024-05-23 11:00:00,2024-05-24 09:00:00,,,,2024-05-20
23,2024-02-20,2024-02-20 22:00:00,2024-02-21 06:00:00,2024-02-21 12:00:00,,,2024-02-19
24,2024-06-15,2024-06-15 11:00:00,2024-06-16 15:00:00,,,,2024-06-10
25,2024-06-28,2024-06-28 23:00:00,2024-06-30 08:00:00,2024-06-30 18:00:00,,,2024-06-24
26,2024-05-19,2024-05-19 22:00:00,2024-05-21 01:00:00,2024-05-21 19:00:00,2024-05-22 00:00:00,72.0,2024-05-13
27,2024-04-17,2024-04-17 15:00:00,2024-04-17 22:00:00,2024-04-18 09:00:00,,,2024-04-15
28,2024-02-26,2024-02-26 09:00:00,2024-02-27 07:00:00,,,,2024-02-26
29,2024-04-24,2024-04-24 04:00:00,2024-04-25 07:00:00,,,,2024-04-22
30,2024-05-30,2024-05-30 17:00:00,2024-05-30 19:00:00,2024-05-31 17:00:00,2024-06-03 15:00:00,111.0,2024-05-27
31,2024-03-12,2024-03-12 15:00:00,2024-03-13 19:00:00,2024-03-13 21:00:00,2024-03-14 22:00:00,70.0,2024-03-11
32,2024-01-02,2024-01-02 17:00:00,,,,,2024-01-01
33,2024-02-10,2024-02-10 12:00:00,2024-02-12 05:00:00,,,,2024-02-05
34,2024-06-27,2024-06-27 16:00:00,2024-06-29 10:00:00,2024-06-30 01:00:00,2024-06-30 08:00:00,80.0,2024-06-24
35,2024-04-18,,,,,,2024-04-15
36,2024-03-28,2024-03-28 07:00:00,2024-03-29 02:00:00,,,,2024-03-25
37,2024-03-12,2024-03-12 18:00:00,2024-03-13 04:00:00,,,,2024-03-11
38,2024-02-09,2024-02-09 10:00:00,,,,,2024-02-05
39,2024-02-25,2024-02-25 15:00:00,2024-02-27 13:00:00,2024-02-28 05:00:00,2024-02-28 21:00:00,93.0,2024-02-19
40,2024-03-27,2024-03-27 01:00:00,,,,,2024-03-25
41,2024-01-27,2024-01-27 21:00:00,2024-01-29 13:00:00,2024-01-29 21:00:00,2024-01-30 18:00:00,90.0,2024-01-22
42,2024-01-24,2024-01-24 10:00:00,2024-01-25 23:00:00,2024-01-26 00:00:00,,,2024-01-22
43,2024-04-07,2024-04-07 18:00:00,2024-04-08 22:00:00,,,,2024-04-01
44,2024-01-25,2024-01-25 03:00:00,,,,,2024-01-22
45,2024-04-01,,,,,,2024-04-01
46,2024-03-29,2024-03-29 08:00:00,2024-03-29 17:00:00,2024-03-30 08:00:00,2024-03-31 00:00:00,48.0,2024-03-25
47,2024-06-03,2024-06-03 21:00:00,2024-06-04 08:00:00,2024-06-05 00:00:00,2024-06-06 14:00:00,86.0,2024-06-03
48,2024-03-08,2024-03-08 17:00:00,,,,,2024-03-04
49,2024-01-12,2024-01-12 23:00:00,2024-01-13 18:00:00,2024-01-14 08:00:00,,,2024-01-08
50,2024-04-27,2024-04-27 16:00:00,2024-04-29 00:00:00,,,,2024-04-22
51,2024-05-17,2024-05-17 08:00:00,2024-05-18 15:00:00,2024-05-19 09:00:00,,,2024-05-13
52,2024-02-01,2024-02-01 05:00:00,2024-02-02 07:00:00,2024-02-02 14:00:00,,,2024-01-29
53,2024-04-06,2024-04-06 20:00:00,2024-04-08 06:00:00,2024-04-09 06:00:00,2024-04-10 00:00:00,96.0,2024-04-01
54,2024-01-21,2024-01-21 03:00:00,2024-01-21 22:00:00,2024-01-22 12:00:00,2024-01-24 08:00:00,80.0,2024-01-15
55,2024-05-21,2024-05-21 17:00:00,2024-05-22 12:00:00,2024-05-22 13:00:00,2024-05-24 02:00:00,74.0,2024-05-20
56,2024-03-16,,,,,,2024-03-11
57,2024-06-09,2024-06-10 00:00:00,2024-06-10 21:00:00,2024-06-11 16:00:00,,,2024-06-03
58,2024-06-07,2024-06-07 19:00:00,2024-06-09 15:00:00,2024-06-10 07:00:00,,,2024-06-03
59,2024-04-02,2024-04-02 05:00:00,2024-04-03 11:00:00,2024-04-04 05:00:00,2024-04-06 19:00:00,115.0,2024-04-01
60,2024-05-27,2024-05-27 12:00:00,,,,,2024-05-27
61,2024-02-19,2024-02-19 11:00:00,2024-02-21 00:00:00,2024-02-21 18:00:00,,,2024-02-19
62,2024-06-29,2024-06-29 13:00:00,,,,,2024-06-24
63,2024-01-18,2024-01-18 15:00:00,2024-01-19 13:00:00,2024-01-19 20:00:00,2024-01-21 03:00:00,75.0,2024-01-15
64,2024-01-12,2024-01-12 19:00:00,2024-01-13 21:00:00,2024-01-14 05:00:00,2024-01-16 10:00:00,106.0,2024-01-08
65,2024-06-18,2024-06-18 02:00:00,2024-06-19 00:00:00,2024-06-20 00:00:00,2024-06-22 13:00:00,109.0,2024-06-17
66,2024-02-28,2024-02-28 23:00:00,2024-03-01 01:00:00,2024-03-01 14:00:00,,,2024-02-26
67,2024-03-15,2024-03-15 22:00:00,2024-03-17 17:00:00,,,,2024-03-11
68,2024-01-21,2024-01-21 05:00:00,,,,,2024-01-15
69,2024-02-29,2024-02-29 16:00:00,2024-02-29 20:00:00,2024-03-01 01:00:00,2024-03-03 18:00:00,90.0,2024-02-26
70,2024-01-26,2024-01-26 19:00:00,2024-01-27 18:00:00,,,,2024-01-22
71,2024-04-07,2024-04-07 04:00:00,,,,,2024-04-01
72,2024-03-12,2024-03-12 15:00:00,,,,,2024-03-11
73,2024-04-26,2024-04-26 04:00:00,2024-04-27 15:00:00,2024-04-28 06:00:00,2024-04-28 08:00:00,56.0,2024-04-22
74,2024-06-11,2024-06-12 00:00:00,2024-06-12 11:00:00,2024-06-13 01:00:00,,,2024-06-10
75,2024-04-03,2024-04-03 21:00:00,,,,,2024-04-01
76,2024-02-11,,,,,,2024-02-05
77,2024-04-04,,,,,,2024-04-01
78,2024-03-31,2024-03-31 05:00:00,2024-03-31 11:00:00,,,,2024-03-25
79,2024-02-23,2024-02-23 16:00:00,,,,,2024-02-19
80,2024-06-20,,,,,,2024-06-17
81,2024-03-09,2024-03-09 09:00:00,2024-03-10 08:00:00,2024-03-11 04:00:00,,,2024-03-04
82,2024-06-28,2024-06-28 23:00:00,2024-06-30 02:00:00,2024-06-30 23:00:00,,,2024-06-24
83,2024-06-23,2024-06-23 03:00:00,2024-06-24 02:00:00,2024-06-25 00:00:00,,,2024-06-17
84,2024-06-14,,,,,,2024-06-10
85,2024-01-19,2024-01-19 18:00:00,2024-01-20 20:00:00,,,,2024-01-15
86,2024-06-04,2024-06-04 11:00:00,2024-06-06 05:00:00,,,,2024-06-03
87,2024-06-11,2024-06-11 23:00:00,2024-06-13 08:00:00,,,,2024-06-10
88,2024-02-13,2024-02-13 18:00:00,,,,,2024-02-12
89,2024-05-16,,,,,,2024-05-13
90,2024-03-03,2024-03-03 02:00:00,2024-03-04 19:00:00,,,,2024-02-26
91,2024-02-11,2024-02-11 03:00:00,2024-02-11 20:00:00,,,,2024-02-05
92,2024-04-28,2024-04-28 21:00:00,2024-04-30 18:00:00,2024-05-01 04:00:00,2024-05-02 10:00:00,106.0,2024-04-22
93,2024-04-07,2024-04-08 00:00:00,2024-04-08 07:00:00,2024-04-08 21:00:00,2024-04-09 10:00:00,58.0,2024-04-01
94,2024-03-10,2024-03-10 21:00:00,2024-03-12 20:00:00,2024-03-13 00:00:00,2024-03-15 09:00:00,129.0,2024-03-04
95,2024-06-12,2024-06-12 06:00:00,2024-06-14 04:00:00,2024-06-14 14:00:00,2024-06-14 18:00:00,66.0,2024-06-10
96,2024-06-25,2024-06-25 02:00:00,2024-06-26 00:00:00,2024-06-26 02:00:00,2024-06-27 16:00:00,64.0,2024-06-24
97,2024-05-22,2024-05-22 12:00:00,2024-05-23 13:00:00,2024-05-24 03:00:00,,,2024-05-20
98,2024-02-26,2024-02-26 05:00:00,,,,,2024-02-26
99,2024-06-24,2024-06-24 08:00:00,2024-06-25 19:00:00,,,,2024-06-24
100,2024-03-24,2024-03-24 14:00:00,2024-03-26 04:00:00,2024-03-27 02:00:00,2024-03-28 02:00:00,98.0,2024-03-18
101,2024-01-15,,,,,,2024-01-15
102,2024-02-28,2024-02-28 06:00:00,2024-02-28 19:00:00,2024-02-28 22:00:00,2024-03-01 23:00:00,71.0,2024-02-26
103,2024-01-09,2024-01-09 20:00:00,2024-01-11 17:00:00,2024-01-12 01:00:00,,,2024-01-08
104,2024-03-21,2024-03-21 16:00:00,2024-03-23 07:00:00,,,,2024-03-18
105,2024-04-12,2024-04-12 05:00:00,2024-04-12 21:00:00,2024-04-13 12:00:00,2024-04-14 21:00:00,69.0,2024-04-08
106,2024-03-09,2024-03-09 15:00:00,2024-03-10 09:00:00,,,,2024-03-04
107,2024-01-17,2024-01-17 22:00:00,2024-01-18 00:00:00,2024-01-18 15:00:00,2024-01-20 04:00:00,76.0,2024-01-15
108,2024-02-24,2024-02-24 22:00:00,2024-02-26 10:00:00,2024-02-26 16:00:00,2024-02-27 02:00:00,74.0,2024-02-19
109,2024-05-25,2024-05-25 15:00:00,2024-05-26 15:00:00,2024-05-27 10:00:00,2024-05-29 01:00:00,97.0,2024-05-20
110,2024-03-21,2024-03-21 21:00:00,2024-03-23 02:00:00,2024-03-24 01:00:00,2024-03-25 10:00:00,106.0,2024-03-18
111,2024-02-24,2024-02-24 15:00:00,2024-02-25 12:00:00,2024-02-25 19:00:00,,,2024-02-19
112,2024-06-16,2024-06-16 13:00:00,2024-06-17 21:00:00,2024-06-18 01:00:00,,,2024-06-10
113,2024-05-07,2024-05-07 08:00:00,2024-05-08 10:00:00,,,,2024-05-06
114,2024-04-11,2024-04-11 19:00:00,2024-04-12 19:00:00,2024-04-13 14:00:00,2024-04-15 04:00:00,100.0,2024-04-08
115,2024-06-13,2024-06-13 23:00:00,,,,,2024-06-10
116,2024-04-27,2024-04-27 10:00:00,,,,,2024-04-22
117,2024-02-06,,,,,,2024-02-05
118,2024-03-08,2024-03-08 01:00:00,2024-03-09 21:00:00,2024-03-10 10:00:00,2024-03-11 22:00:00,94.0,2024-03-04
119,2024-02-05,2024-02-05 01:00:00,2024-02-06 15:00:00,2024-02-07 13:00:00,2024-02-07 20:00:00,68.0,2024-02-05
120,2024-03-04,2024-03-04 20:00:00,2024-03-06 05:00:00,,,,2024-03-04
121,2024-05-23,2024-05-23 10:00:00,2024-05-24 02:00:00,2024-05-24 22:00:00,,,2024-05-20
122,2024-05-17,2024-05-17 12:00:00,2024-05-18 04:00:00,,,,2024-05-13
123,2024-03-08,2024-03-08 21:00:00,2024-03-09 11:00:00,,,,2024-03-04
124,2024-05-29,2024-05-29 20:00:00,,,,,2024-05-27
125,2024-04-19,2024-04-19 09:00:00,2024-04-21 06:00:00,,,,2024-04-15
126,2024-05-29,2024-05-30 00:00:00,,,,,2024-05-27
127,2024-04-12,2024-04-12 22:00:00,2024-04-14 19:00:00,,,,2024-04-08
128,2024-04-02,2024-04-02 05:00:00,2024-04-03 23:00:00,,,,2024-04-01
129,2024-02-26,2024-02-26 04:00:00,,,,,2024-02-26
130,2024-02-05,2024-02-05 21:00:00,,,,,2024-02-05
131,2024-05-10,2024-05-10 21:00:00,2024-05-11 01:00:00,,,,2024-05-06
132,2024-05-06,2024-05-06 10:00:00,2024-05-07 16:00:00,,,,2024-05-06
133,2024-01-24,,,,,,2024-01-22
134,2024-01-13,2024-01-13 02:00:00,2024-01-14 17:00:00,2024-01-15 05:00:00,2024-01-15 22:00:00,70.0,2024-01-08
135,2024-01-29,2024-01-29 03:00:00,2024-01-29 23:00:00,,,,2024-01-29
136,2024-02-09,2024-02-09 11:00:00,,,,,2024-02-05
137,2024-06-09,2024-06-10 00:00:00,2024-06-11 04:00:00,2024-06-11 10:00:00,2024-06-12 12:00:00,84.0,2024-06-03
138,2024-02-10,2024-02-10 05:00:00,,,,,2024-02-05
139,2024-06-23,2024-06-23 18:00:00,2024-06-24 19:00:00,2024-06-25 12:00:00,,,2024-06-17
140,2024-04-18,2024-04-18 17:00:00,2024-04-19 12:00:00,2024-04-19 18:00:00,,,2024-04-15
141,2024-06-01,2024-06-01 09:00:00,,,,,2024-05-27
142,2024-01-17,2024-01-17 16:00:00,2024-01-18 12:00:00,2024-01-19 12:00:00,,,2024-01-15
143,2024-04-08,2024-04-08 11:00:00,2024-04-08 20:00:00,,,,2024-04-08
144,2024-04-07,,,,,,2024-04-01
145,2024-06-01,,,,,,2024-05-27
146,2024-04-29,2024-04-29 15:00:00,2024-04-29 21:00:00,2024-04-30 02:00:00,,,2024-04-29
147,2024-05-15,2024-05-15 08:00:00,2024-05-17 05:00:00,,,,2024-05-13
148,2024-03-05,2024-03-06 00:00:00,2024-03-07 21:00:00,2024-03-08 10:00:00,2024-03-11 10:00:00,154.0,2024-03-04
149,2024-05-21,2024-05-21 12:00:00,2024-05-21 19:00:00,2024-05-22 08:00:00,,,2024-05-20
150,2024-01-03,2024-01-03 01:00:00,2024-01-03 19:00:00,,,,2024-01-01
151,2024-06-23,2024-06-23 18:00:00,2024-06-24 03:00:00,,,,2024-06-17
152,2024-01-30,2024-01-30 15:00:00,,,,,2024-01-29
153,2024-06-23,2024-06-23 12:00:00,,,,,2024-06-17
154,2024-05-17,2024-05-17 22:00:00,,,,,2024-05-13
155,2024-03-09,2024-03-10 00:00:00,,,,,2024-03-04
156,2024-06-13,2024-06-13 22:00:00,2024-06-14 16:00:00,,,,2024-06-10
157,2024-03-28,2024-03-28 19:00:00,2024-03-29 21:00:00,2024-03-30 18:00:00,2024-04-01 18:00:00,114.0,2024-03-25
158,2024-01-29,2024-01-29 04:00:00,2024-01-31 01:00:00,,,,2024-01-29
159,2024-03-16,2024-03-16 08:00:00,2024-03-17 16:00:00,,,,2024-03-11
160,2024-04-21,2024-04-21 01:00:00,2024-04-22 18:00:00,2024-04-23 12:00:00,2024-04-25 06:00:00,102.0,2024-04-15
161,2024-02-10,2024-02-10 20:00:00,2024-02-11 12:00:00,2024-02-12 09:00:00,2024-02-12 18:00:00,66.0,2024-02-05
162,2024-04-26,2024-04-26 21:00:00,,,,,2024-04-22
163,2024-01-01,,,,,,2024-01-01
164,2024-03-08,2024-03-08 15:00:00,2024-03-10 13:00:00,2024-03-10 23:00:00,,,2024-03-04
165,2024-05-08,2024-05-08 21:00:00,2024-05-10 01:00:00,,,,2024-05-06
166,2024-02-15,2024-02-15 04:00:00,,,,,2024-02-12
167,2024-05-09,2024-05-09 05:00:00,2024-05-09 09:00:00,2024-05-09 11:00:00,,,2024-05-06
168,2024-01-28,2024-01-28 10:00:00,2024-01-29 19:00:00,2024-01-29 23:00:00,2024-01-30 12:00:00,60.0,2024-01-22
169,2024-06-09,2024-06-09 08:00:00,,,,,2024-06-03
170,2024-03-17,2024-03-17 18:00:00,2024-03-18 04:00:00,2024-03-18 17:00:00,,,2024-03-11
171,2024-06-12,2024-06-12 15:00:00,,,,,2024-06-10
172,2024-05-09,2024-05-09 12:00:00,2024-05-11 08:00:00,2024-05-12 08:00:00,2024-05-15 06:00:00,150.0,2024-05-06
173,2024-06-04,2024-06-04 14:00:00,,,,,2024-06-03
174,2024-02-20,,,,,,2024-02-19
175,2024-02-09,,,,,,2024-02-05
176,2024-04-05,2024-04-05 19:00:00,,,,,2024-04-01
177,2024-02-11,,,,,,2024-02-05
178,2024-05-18,2024-05-19 00:00:00,2024-05-21 00:00:00,2024-05-21 05:00:00,2024-05-23 11:00:00,131.0,2024-05-13
179,2024-05-15,,,,,,2024-05-13
180,2024-01-01,2024-01-01 21:00:00,2024-01-02 05:00:00,2024-01-02 21:00:00,,,2024-01-01
181,2024-06-02,2024-06-02 20:00:00,2024-06-04 00:00:00,2024-06-04 09:00:00,2024-06-04 14:00:00,62.0,2024-05-27
182,2024-03-23,2024-03-23 23:00:00,2024-03-25 00:00:00,,,,2024-03-18
183,2024-05-05,2024-05-05 07:00:00,2024-05-06 13:00:00,,,,2024-04-29
184,2024-01-05,2024-01-05 15:00:00,2024-01-06 08:00:00,2024-01-06 20:00:00,,,2024-01-01
185,2024-01-29,2024-01-29 04:00:00,2024-01-31 01:00:00,2024-01-31 13:00:00,2024-02-03 11:00:00,131.0,2024-01-29
186,2024-04-02,2024-04-02 21:00:00,2024-04-03 21:00:00,2024-04-03 23:00:00,2024-04-06 02:00:00,98.0,2024-04-01
187,2024-03-19,2024-03-19 09:00:00,,,,,2024-03-18
188,2024-03-02,2024-03-02 07:00:00,2024-03-02 16:00:00,,,,2024-02-26
189,2024-01-15,2024-01-15 15:00:00,2024-01-15 22:00:00,,,,2024-01-15
190,2024-03-02,,,,,,2024-02-26
191,2024-05-25,2024-05-25 22:00:00,,,,,2024-05-20
192,2024-01-21,2024-01-21 07:00:00,2024-01-23 02:00:00,2024-01-23 23:00:00,,,2024-01-15
193,2024-01-22,2024-01-22 20:00:00,2024-01-22 23:00:00,2024-01-23 01:00:00,2024-01-24 20:00:00,68.0,2024-01-22
194,2024-05-04,2024-05-04 08:00:00,2024-05-04 18:00:00,2024-05-05 13:00:00,2024-05-06 16:00:00,64.0,2024-04-29
195,2024-01-18,2024-01-18 03:00:00,2024-01-19 16:00:00,2024-01-19 23:00:00,2024-01-21 03:00:00,75.0,2024-01-15
196,2024-05-16,2024-05-16 08:00:00,2024-05-17 07:00:00,2024-05-17 12:00:00,2024-05-17 13:00:00,37.0,2024-05-13
197,2024-02-02,2024-02-02 09:00:00,2024-02-02 20:00:00,2024-02-03 01:00:00,2024-02-05 23:00:00,95.0,2024-01-29
198,2024-02-02,2024-02-02 09:00:00,2024-02-02 22:00:00,2024-02-03 02:00:00,2024-02-03 06:00:00,30.0,2024-01-29
199,2024-06-17,2024-06-17 05:00:00,2024-06-17 07:00:00,2024-06-17 19:00:00,,,2024-06-17
200,2024-05-01,2024-05-01 08:00:00,,,,,2024-04-29
201,2024-05-20,2024-05-20 19:00:00,2024-05-21 17:00:00,,,,2024-05-20
202,2024-02-12,,,,,,2024-02-12
203,2024-03-08,2024-03-08 01:00:00,2024-03-08 14:00:00,,,,2024-03-04
204,2024-05-15,2024-05-15 09:00:00,2024-05-15 14:00:00,2024-05-15 19:00:00,2024-05-18 01:00:00,73.0,2024-05-13
205,2024-06-04,2024-06-04 17:00:00,2024-06-05 02:00:00,2024-06-06 02:00:00,2024-06-06 11:00:00,59.0,2024-06-03
206,2024-04-18,2024-04-18 16:00:00,2024-04-19 22:00:00,2024-04-20 10:00:00,,,2024-04-15
207,2024-02-24,2024-02-24 17:00:00,2024-02-26 08:00:00,2024-02-26 12:00:00,2024-02-28 22:00:00,118.0,2024-02-19
208,2024-05-18,2024-05-18 17:00:00,2024-05-19 09:00:00,2024-05-20 05:00:00,2024-05-20 11:00:00,59.0,2024-05-13
209,2024-06-25,2024-06-26 00:00:00,2024-06-27 20:00:00,2024-06-28 13:00:00,2024-06-30 04:00:00,124.0,2024-06-24
210,2024-02-21,2024-02-21 15:00:00,2024-02-23 10:00:00,,,,2024-02-19
211,2024-03-20,2024-03-20 01:00:00,2024-03-20 06:00:00,,,,2024-03-18
212,2024-04-12,2024-04-12 16:00:00,2024-04-13 19:00:00,2024-04-14 09:00:00,2024-04-14 23:00:00,71.0,2024-04-08
213,2024-06-20,2024-06-20 16:00:00,2024-06-22 15:00:00,2024-06-23 06:00:00,2024-06-23 16:00:00,88.0,2024-06-17
214,2024-06-15,2024-06-15 03:00:00,2024-06-16 01:00:00,2024-06-16 21:00:00,2024-06-17 16:00:00,64.0,2024-06-10
215,2024-04-05,,,,,,2024-04-01
216,2024-04-22,2024-04-22 03:00:00,2024-04-22 13:00:00,2024-04-22 22:00:00,2024-04-25 21:00:00,93.0,2024-04-22
217,2024-05-12,2024-05-12 23:00:00,2024-05-13 21:00:00,2024-05-14 10:00:00,2024-05-17 06:00:00,126.0,2024-05-06
218,2024-04-25,2024-04-25 10:00:00,,,,,2024-04-22
219,2024-01-31,2024-01-31 15:00:00,2024-02-02 01:00:00,2024-02-02 21:00:00,,,2024-01-29
220,2024-03-04,2024-03-04 14:00:00,2024-03-04 22:00:00,,,,2024-03-04
221,2024-02-27,2024-02-27 23:00:00,,,,,2024-02-26
222,2024-01-17,2024-01-17 04:00:00,2024-01-18 23:00:00,2024-01-19 20:00:00,,,2024-01-15
223,2024-03-27,2024-03-27 18:00:00,2024-03-29 18:00:00,2024-03-30 01:00:00,,,2024-03-25
224,2024-01-06,2024-01-06 14:00:00,2024-01-07 20:00:00,2024-01-08 04:00:00,2024-01-10 09:00:00,105.0,2024-01-01
225,2024-05-30,2024-05-30 11:00:00,2024-05-31 18:00:00,2024-06-01 07:00:00,2024-06-03 13:00:00,109.0,2024-05-27
226,2024-05-21,2024-05-22 00:00:00,2024-05-22 08:00:00,2024-05-22 19:00:00,2024-05-25 02:00:00,98.0,2024-05-20
227,2024-02-28,2024-02-28 11:00:00,2024-03-01 07:00:00,2024-03-01 16:00:00,2024-03-03 16:00:00,112.0,2024-02-26
228,2024-05-30,,,,,,2024-05-27
229,2024-02-26,2024-02-26 05:00:00,,,,,2024-02-26
230,2024-01-02,2024-01-02 22:00:00,2024-01-04 06:00:00,,,,2024-01-01
231,2024-01-19,2024-01-19 03:00:00,2024-01-19 10:00:00,2024-01-19 13:00:00,2024-01-20 01:00:00,25.0,2024-01-15
232,2024-06-30,,,,,,2024-06-24
233,2024-06-10,2024-06-10 14:00:00,,,,,2024-06-10
234,2024-01-16,2024-01-16 04:00:00,2024-01-17 05:00:00,,,,2024-01-15
235,2024-02-28,2024-02-28 05:00:00,2024-02-29 18:00:00,,,,2024-02-26
236,2024-01-18,2024-01-18 02:00:00,,,,,2024-01-15
237,2024-01-09,2024-01-09 19:00:00,,,,,2024-01-08
238,2024-03-25,2024-03-25 18:00:00,2024-03-27 07:00:00,2024-03-27 18:00:00,,,2024-03-25
239,2024-01-19,2024-01-19 22:00:00,2024-01-20 07:00:00,2024-01-20 21:00:00,,,2024-01-15
240,2024-05-11,2024-05-11 12:00:00,,,,,2024-05-06
241,2024-03-01,2024-03-01 22:00:00,2024-03-03 03:00:00,2024-03-04 03:00:00,2024-03-04 10:00:00,82.0,2024-02-26
242,2024-03-12,2024-03-12 10:00:00,2024-03-14 02:00:00,2024-03-14 12:00:00,,,2024-03-11
243,2024-06-20,2024-06-20 12:00:00,2024-06-20 20:00:00,,,,2024-06-17
244,2024-05-04,2024-05-04 19:00:00,2024-05-06 05:00:00,,,,2024-04-29
245,2024-02-24,2024-02-24 07:00:00,2024-02-24 18:00:00,2024-02-25 16:00:00,,,2024-02-19
246,2024-05-18,2024-05-18 16:00:00,2024-05-19 08:00:00,,,,2024-05-13
247,2024-02-03,2024-02-03 04:00:00,2024-02-04 04:00:00,2024-02-04 22:00:00,2024-02-06 22:00:00,94.0,2024-01-29
248,2024-05-26,2024-05-26 04:00:00,2024-05-26 23:00:00,2024-05-27 18:00:00,,,2024-05-20
249,2024-05-27,2024-05-27 08:00:00,2024-05-28 13:00:00,,,,2024-05-27
250,2024-05-01,2024-05-01 18:00:00,,,,,2024-04-29
251,2024-03-03,2024-03-03 20:00:00,2024-03-05 13:00:00,,,,2024-02-26
252,2024-05-01,2024-05-01 22:00:00,2024-05-03 17:00:00,,,,2024-04-29
253,2024-04-14,2024-04-14 18:00:00,2024-04-14 21:00:00,2024-04-15 17:00:00,2024-04-17 04:00:00,76.0,2024-04-08
254,2024-02-18,2024-02-18 01:00:00,2024-02-18 14:00:00,2024-02-18 23:00:00,,,2024-02-12
255,2024-01-25,2024-01-25 23:00:00,2024-01-26 20:00:00,2024-01-27 07:00:00,,,2024-01-22
256,2024-01-25,2024-01-25 12:00:00,2024-01-25 14:00:00,2024-01-25 20:00:00,,,2024-01-22
257,2024-06-17,2024-06-17 05:00:00,,,,,2024-06-17
258,2024-04-20,,,,,,2024-04-15
259,2024-03-31,2024-03-31 19:00:00,2024-04-02 15:00:00,,,,2024-03-25
260,2024-04-18,2024-04-18 13:00:00,2024-04-18 19:00:00,2024-04-19 00:00:00,,,2024-04-15
261,2024-04-15,2024-04-16 00:00:00,2024-04-17 18:00:00,,,,2024-04-15
262,2024-04-29,,,,,,2024-04-29
263,2024-01-14,2024-01-14 01:00:00,2024-01-14 08:00:00,,,,2024-01-08
264,2024-06-21,2024-06-22 00:00:00,2024-06-23 11:00:00,,,,2024-06-17
265,2024-06-16,2024-06-16 07:00:00,2024-06-17 09:00:00,2024-06-17 23:00:00,2024-06-20 10:00:00,106.0,2024-06-10
266,2024-06-14,2024-06-14 11:00:00,2024-06-14 23:00:00,,,,2024-06-10
267,2024-01-26,2024-01-26 12:00:00,2024-01-27 09:00:00,2024-01-28 09:00:00,2024-01-30 03:00:00,99.0,2024-01-22
268,2024-01-16,,,,,,2024-01-15
269,2024-04-13,2024-04-13 19:00:00,2024-04-15 11:00:00,,,,2024-04-08
270,2024-03-27,2024-03-27 03:00:00,2024-03-27 08:00:00,2024-03-27 13:00:00,2024-03-28 10:00:00,34.0,2024-03-25
271,2024-01-28,2024-01-28 20:00:00,2024-01-29 01:00:00,2024-01-29 23:00:00,,,2024-01-22
272,2024-03-04,2024-03-04 03:00:00,2024-03-04 22:00:00,2024-03-05 13:00:00,2024-03-07 20:00:00,92.0,2024-03-04
273,2024-02-19,2024-02-19 16:00:00,2024-02-21 08:00:00,,,,2024-02-19
274,2024-02-18,2024-02-18 15:00:00,2024-02-19 19:00:00,2024-02-20 04:00:00,,,2024-02-12
275,2024-05-17,2024-05-17 07:00:00,2024-05-18 17:00:00,2024-05-18 21:00:00,,,2024-05-13
276,2024-04-24,2024-04-24 12:00:00,,,,,2024-04-22
277,2024-02-05,2024-02-05 14:00:00,2024-02-05 23:00:00,2024-02-06 09:00:00,2024-02-09 00:00:00,96.0,2024-02-05
278,2024-04-18,2024-04-18 17:00:00,2024-04-20 13:00:00,,,,2024-04-15
279,2024-02-16,2024-02-16 10:00:00,2024-02-16 14:00:00,2024-02-16 22:00:00,2024-02-19 01:00:00,73.0,2024-02-12
280,2024-03-12,2024-03-12 20:00:00,2024-03-13 01:00:00,2024-03-13 02:00:00,,,2024-03-11
281,2024-04-28,,,,,,2024-04-22
282,2024-03-04,2024-03-04 07:00:00,2024-03-05 04:00:00,2024-03-05 11:00:00,2024-03-06 05:00:00,53.0,2024-03-04
283,2024-01-20,2024-01-20 09:00:00,2024-01-21 05:00:00,,,,2024-01-15
284,2024-04-23,2024-04-23 11:00:00,2024-04-23 20:00:00,2024-04-23 21:00:00,2024-04-26 13:00:00,85.0,2024-04-22
285,2024-05-20,2024-05-21 00:00:00,2024-05-22 05:00:00,2024-05-22 11:00:00,,,2024-05-20
286,2024-01-26,2024-01-26 05:00:00,2024-01-27 07:00:00,2024-01-28 01:00:00,2024-01-29 07:00:00,79.0,2024-01-22
287,2024-01-13,2024-01-13 17:00:00,2024-01-15 06:00:00,,,,2024-01-08
288,2024-06-15,2024-06-15 22:00:00,2024-06-16 22:00:00,2024-06-17 01:00:00,2024-06-19 04:00:00,100.0,2024-06-10
289,2024-05-18,2024-05-19 00:00:00,,,,,2024-05-13
290,2024-01-04,2024-01-04 02:00:00,2024-01-05 07:00:00,2024-01-05 08:00:00,2024-01-07 19:00:00,91.0,2024-01-01
291,2024-01-24,2024-01-24 03:00:00,2024-01-25 01:00:00,2024-01-25 20:00:00,,,2024-01-22
292,2024-03-01,2024-03-01 14:00:00,2024-03-03 04:00:00,2024-03-03 17:00:00,2024-03-05 23:00:00,119.0,2024-02-26
293,2024-02-12,2024-02-12 10:00:00,2024-02-12 19:00:00,2024-02-13 08:00:00,2024-02-13 11:00:00,35.0,2024-02-12
294,2024-04-14,2024-04-14 11:00:00,2024-04-14 23:00:00,2024-04-15 19:00:00,,,2024-04-08
295,2024-05-04,2024-05-04 15:00:00,2024-05-06 13:00:00,,,,2024-04-29
296,2024-05-03,2024-05-03 12:00:00,,,,,2024-04-29
297,2024-02-24,2024-02-24 03:00:00,2024-02-25 08:00:00,2024-02-25 12:00:00,2024-02-26 20:00:00,68.0,2024-02-19
298,2024-04-12,2024-04-12 14:00:00,2024-04-14 05:00:00,2024-04-14 18:00:00,2024-04-17 14:00:00,134.0,2024-04-08
299,2024-01-16,2024-01-16 03:00:00,,,,,2024-01-15
300,2024-02-12,2024-02-12 13:00:00,2024-02-13 10:00:00,2024-02-14 10:00:00,2024-02-16 06:00:00,102.0,2024-02-12
301,2024-04-07,,,,,,2024-04-01
302,2024-01-01,2024-01-01 08:00:00,2024-01-02 07:00:00,2024-01-02 13:00:00,2024-01-02 23:00:00,47.0,2024-01-01
303,2024-04-09,2024-04-09 17:00:00,,,,,2024-04-08
304,2024-03-08,2024-03-08 21:00:00,2024-03-09 06:00:00,2024-03-09 23:00:00,,,2024-03-04
305,2024-04-26,2024-04-26 17:00:00,2024-04-27 07:00:00,2024-04-27 19:00:00,,,2024-04-22
306,2024-03-14,2024-03-14 12:00:00,,,,,2024-03-11
307,2024-04-18,2024-04-19 00:00:00,2024-04-20 19:00:00,2024-04-21 00:00:00,2024-04-22 07:00:00,103.0,2024-04-15
308,2024-06-27,2024-06-27 04:00:00,2024-06-27 15:00:00,2024-06-28 00:00:00,,,2024-06-24
309,2024-05-22,2024-05-22 07:00:00,2024-05-22 20:00:00,2024-05-23 16:00:00,2024-05-24 12:00:00,60.0,2024-05-20
310,2024-06-18,2024-06-18 21:00:00,2024-06-19 03:00:00,2024-06-19 09:00:00,2024-06-22 01:00:00,97.0,2024-06-17
311,2024-05-04,2024-05-04 15:00:00,,,,,2024-04-29
312,2024-02-09,2024-02-09 19:00:00,2024-02-11 10:00:00,2024-02-12 01:00:00,2024-02-13 19:00:00,115.0,2024-02-05
313,2024-02-18,2024-02-18 21:00:00,2024-02-19 19:00:00,2024-02-20 00:00:00,2024-02-22 09:00:00,105.0,2024-02-12
314,2024-03-16,2024-03-16 03:00:00,,,,,2024-03-11
315,2024-02-25,2024-02-25 16:00:00,2024-02-26 22:00:00,,,,2024-02-19
316,2024-01-15,2024-01-15 21:00:00,2024-01-16 18:00:00,2024-01-17 03:00:00,2024-01-17 11:00:00,59.0,2024-01-15
317,2024-05-28,2024-05-28 12:00:00,,,,,2024-05-27
318,2024-05-18,2024-05-18 17:00:00,2024-05-18 23:00:00,2024-05-19 09:00:00,2024-05-21 21:00:00,93.0,2024-05-13
319,2024-01-16,2024-01-16 15:00:00,,,,,2024-01-15
320,2024-03-21,2024-03-21 02:00:00,,,,,2024-03-18
321,2024-01-15,2024-01-15 02:00:00,2024-01-16 03:00:00,2024-01-16 13:00:00,,,2024-01-15
322,2024-01-13,2024-01-13 03:00:00,,,,,2024-01-08
323,2024-05-29,2024-05-29 21:00:00,2024-05-30 04:00:00,,,,2024-05-27
324,2024-05-02,2024-05-02 20:00:00,2024-05-04 12:00:00,2024-05-05 05:00:00,,,2024-04-29
325,2024-05-08,,,,,,2024-05-06
326,2024-05-15,2024-05-15 13:00:00,2024-05-16 20:00:00,,,,2024-05-13
327,2024-02-10,2024-02-10 19:00:00,2024-02-12 08:00:00,,,,2024-02-05
328,2024-01-15,2024-01-16 00:00:00,2024-01-16 04:00:00,2024-01-16 19:00:00,,,2024-01-15
329,2024-05-10,,,,,,2024-05-06
330,2024-01-21,,,,,,2024-01-15
331,2024-02-17,2024-02-17 19:00:00,,,,,2024-02-12
332,2024-01-18,2024-01-18 21:00:00,2024-01-19 11:00:00,,,,2024-01-15
333,2024-06-01,2024-06-01 11:00:00,2024-06-03 03:00:00,2024-06-03 19:00:00,2024-06-06 12:00:00,132.0,2024-05-27
334,2024-01-18,2024-01-18 05:00:00,2024-01-18 10:00:00,2024-01-19 01:00:00,,,2024-01-15
335,2024-06-21,2024-06-21 04:00:00,2024-06-22 03:00:00,2024-06-23 02:00:00,,,2024-06-17
336,2024-03-01,2024-03-01 03:00:00,2024-03-02 13:00:00,,,,2024-02-26
337,2024-04-13,2024-04-13 21:00:00,2024-04-14 10:00:00,2024-04-14 12:00:00,,,2024-04-08
338,2024-01-31,2024-01-31 08:00:00,,,,,2024-01-29
339,2024-05-25,2024-05-25 23:00:00,,,,,2024-05-20
340,2024-03-04,2024-03-04 15:00:00,,,,,2024-03-04
341,2024-05-28,2024-05-28 15:00:00,,,,,2024-05-27
342,2024-06-01,2024-06-01 17:00:00,2024-06-03 04:00:00,2024-06-04 00:00:00,,,2024-05-27
343,2024-01-11,,,,,,2024-01-08
344,2024-06-07,2024-06-07 06:00:00,2024-06-08 07:00:00,2024-06-08 19:00:00,,,2024-06-03
345,2024-01-21,2024-01-21 10:00:00,2024-01-22 12:00:00,2024-01-23 02:00:00,2024-01-24 22:00:00,94.0,2024-01-15
346,2024-04-17,2024-04-17 22:00:00,2024-04-19 14:00:00,2024-04-19 16:00:00,2024-04-21 11:00:00,107.0,2024-04-15
347,2024-06-17,,,,,,2024-06-17
348,2024-05-29,2024-05-29 03:00:00,2024-05-30 02:00:00,2024-05-30 06:00:00,2024-06-02 06:00:00,102.0,2024-05-27
349,2024-05-24,,,,,,2024-05-20
350,2024-05-13,2024-05-13 22:00:00,2024-05-15 00:00:00,2024-05-15 10:00:00,,,2024-05-13
351,2024-03-21,,,,,,2024-03-18
352,2024-03-07,2024-03-07 09:00:00,2024-03-09 09:00:00,2024-03-10 07:00:00,,,2024-03-04
353,2024-02-22,2024-02-22 20:00:00,,,,,2024-02-19
354,2024-06-20,2024-06-20 05:00:00,2024-06-21 04:00:00,2024-06-21 07:00:00,2024-06-22 02:00:00,50.0,2024-06-17
355,2024-03-21,2024-03-21 12:00:00,2024-03-22 09:00:00,2024-03-23 06:00:00,,,2024-03-18
356,2024-03-02,2024-03-02 23:00:00,2024-03-04 19:00:00,,,,2024-02-26
357,2024-03-08,2024-03-08 13:00:00,,,,,2024-03-04
358,2024-04-11,,,,,,2024-04-08
359,2024-02-03,2024-02-03 05:00:00,2024-02-04 21:00:00,,,,2024-01-29
360,2024-06-20,2024-06-20 23:00:00,2024-06-21 06:00:00,,,,2024-06-17
361,2024-06-14,2024-06-14 10:00:00,2024-06-15 23:00:00,2024-06-16 12:00:00,2024-06-18 07:00:00,103.0,2024-06-10
362,2024-03-17,2024-03-17 05:00:00,2024-03-19 01:00:00,,,,2024-03-11
363,2024-04-27,2024-04-27 23:00:00,2024-04-29 20:00:00,,,,2024-04-22
364,2024-03-21,,,,,,2024-03-18
365,2024-01-19,2024-01-19 17:00:00,,,,,2024-01-15
366,2024-01-03,2024-01-03 03:00:00,2024-01-04 22:00:00,2024-01-05 20:00:00,2024-01-08 03:00:00,123.0,2024-01-01
367,2024-04-27,2024-04-27 17:00:00,2024-04-28 18:00:00,,,,2024-04-22
368,2024-06-08,2024-06-08 01:00:00,2024-06-09 02:00:00,2024-06-09 12:00:00,,,2024-06-03
369,2024-05-24,2024-05-24 06:00:00,,,,,2024-05-20
370,2024-01-26,2024-01-26 07:00:00,2024-01-27 06:00:00,2024-01-27 22:00:00,,,2024-01-22
371,2024-01-19,2024-01-19 07:00:00,2024-01-19 23:00:00,2024-01-20 04:00:00,2024-01-21 00:00:00,48.0,2024-01-15
372,2024-05-17,2024-05-17 03:00:00,,,,,2024-05-13
373,2024-02-24,2024-02-24 10:00:00,,,,,2024-02-19
374,2024-05-09,2024-05-09 04:00:00,2024-05-10 14:00:00,,,,2024-05-06
375,2024-03-08,2024-03-08 18:00:00,2024-03-10 05:00:00,2024-03-10 07:00:00,,,2024-03-04
376,2024-02-03,2024-02-03 22:00:00,,,,,2024-01-29
377,2024-03-30,2024-03-30 11:00:00,2024-04-01 04:00:00,,,,2024-03-25
378,2024-01-18,2024-01-18 05:00:00,2024-01-19 21:00:00,,,,2024-01-15
379,2024-03-03,2024-03-03 13:00:00,,,,,2024-02-26
380,2024-04-04,2024-04-04 05:00:00,2024-04-04 17:00:00,2024-04-04 23:00:00,2024-04-05 21:00:00,45.0,2024-04-01
381,2024-03-13,2024-03-14 00:00:00,,,,,2024-03-11
382,2024-02-10,2024-02-10 15:00:00,2024-02-10 19:00:00,2024-02-11 09:00:00,2024-02-13 08:00:00,80.0,2024-02-05
383,2024-04-22,2024-04-22 22:00:00,2024-04-24 22:00:00,,,,2024-04-22
384,2024-05-19,2024-05-19 08:00:00,,,,,2024-05-13
385,2024-06-29,2024-06-29 15:00:00,2024-07-01 08:00:00,,,,2024-06-24
386,2024-03-18,2024-03-18 10:00:00,,,,,2024-03-18
387,2024-06-05,2024-06-06 00:00:00,2024-06-07 06:00:00,2024-06-07 14:00:00,,,2024-06-03
388,2024-06-16,2024-06-16 18:00:00,2024-06-17 11:00:00,2024-06-17 21:00:00,,,2024-06-10
389,2024-05-15,2024-05-15 16:00:00,,,,,2024-05-13
390,2024-01-03,,,,,,2024-01-01
391,2024-06-19,,,,,,2024-06-17
392,2024-05-21,2024-05-21 07:00:00,2024-05-22 08:00:00,,,,2024-05-20
393,2024-03-17,2024-03-17 22:00:00,2024-03-19 12:00:00,2024-03-20 03:00:00,2024-03-22 15:00:00,135.0,2024-03-11
394,2024-06-18,2024-06-18 10:00:00,2024-06-19 12:00:00,2024-06-20 05:00:00,2024-06-23 01:00:00,121.0,2024-06-17
395,2024-01-27,,,,,,2024-01-22
396,2024-02-04,2024-02-04 14:00:00,2024-02-05 02:00:00,2024-02-05 09:00:00,,,2024-01-29
397,2024-03-08,2024-03-08 20:00:00,2024-03-09 06:00:00,2024-03-09 15:00:00,,,2024-03-04
398,2024-01-30,2024-01-30 02:00:00,2024-01-31 21:00:00,,,,2024-01-29
399,2024-01-28,2024-01-28 16:00:00,2024-01-29 17:00:00,,,,2024-01-22
400,2024-05-21,2024-05-21 18:00:00,2024-05-22 02:00:00,2024-05-23 01:00:00,2024-05-25 20:00:00,116.0,2024-05-20
401,2024-02-09,,,,,,2024-02-05
402,2024-03-10,2024-03-10 04:00:00,,,,,2024-03-04
403,2024-03-13,2024-03-13 10:00:00,2024-03-13 17:00:00,2024-03-13 23:00:00,,,2024-03-11
404,2024-06-03,2024-06-03 09:00:00,,,,,2024-06-03
405,2024-02-23,2024-02-23 15:00:00,,,,,2024-02-19
406,2024-03-28,2024-03-28 17:00:00,,,,,2024-03-25
407,2024-02-22,2024-02-22 05:00:00,,,,,2024-02-19
408,2024-06-24,2024-06-24 14:00:00,,,,,2024-06-24
409,2024-06-11,2024-06-11 03:00:00,2024-06-11 19:00:00,2024-06-12 10:00:00,,,2024-06-10
410,2024-03-08,2024-03-08 12:00:00,,,,,2024-03-04
411,2024-05-09,2024-05-09 01:00:00,2024-05-10 05:00:00,2024-05-10 07:00:00,,,2024-05-06
412,2024-05-05,2024-05-05 13:00:00,2024-05-06 23:00:00,2024-05-07 11:00:00,2024-05-08 18:00:00,90.0,2024-04-29
413,2024-03-05,2024-03-05 13:00:00,2024-03-05 20:00:00,,,,2024-03-04
414,2024-01-14,2024-01-14 12:00:00,2024-01-15 04:00:00,2024-01-15 05:00:00,2024-01-16 22:00:00,70.0,2024-01-08
415,2024-01-24,2024-01-24 04:00:00,2024-01-26 03:00:00,2024-01-27 00:00:00,2024-01-28 19:00:00,115.0,2024-01-22
416,2024-06-11,2024-06-11 05:00:00,,,,,2024-06-10
417,2024-04-18,2024-04-18 05:00:00,2024-04-18 09:00:00,2024-04-18 19:00:00,2024-04-21 08:00:00,80.0,2024-04-15
418,2024-03-11,2024-03-11 23:00:00,,,,,2024-03-11
419,2024-01-12,2024-01-12 05:00:00,2024-01-14 04:00:00,2024-01-14 20:00:00,,,2024-01-08
420,2024-01-01,2024-01-01 15:00:00,2024-01-03 08:00:00,2024-01-03 09:00:00,2024-01-03 20:00:00,68.0,2024-01-01
421,2024-03-26,2024-03-26 01:00:00,2024-03-26 19:00:00,2024-03-27 02:00:00,2024-03-27 22:00:00,46.0,2024-03-25
422,2024-02-03,2024-02-03 18:00:00,2024-02-05 18:00:00,2024-02-06 14:00:00,,,2024-01-29
423,2024-06-12,2024-06-12 17:00:00,2024-06-13 22:00:00,2024-06-14 02:00:00,2024-06-15 15:00:00,87.0,2024-06-10
424,2024-03-08,2024-03-08 08:00:00,2024-03-09 05:00:00,2024-03-09 09:00:00,,,2024-03-04
425,2024-02-11,2024-02-11 02:00:00,2024-02-11 19:00:00,,,,2024-02-05
426,2024-04-23,2024-04-23 14:00:00,2024-04-25 08:00:00,,,,2024-04-22
427,2024-05-21,2024-05-21 20:00:00,,,,,2024-05-20
428,2024-06-29,2024-06-29 15:00:00,,,,,2024-06-24
429,2024-04-19,2024-04-19 03:00:00,,,,,2024-04-15
430,2024-05-23,2024-05-23 04:00:00,2024-05-24 13:00:00,2024-05-25 09:00:00,,,2024-05-20
431,2024-01-03,2024-01-03 18:00:00,2024-01-03 21:00:00,2024-01-04 18:00:00,2024-01-07 12:00:00,108.0,2024-01-01
432,2024-01-29,2024-01-29 19:00:00,2024-01-30 12:00:00,,,,2024-01-29
433,2024-01-20,2024-01-20 23:00:00,2024-01-21 10:00:00,,,,2024-01-15
434,2024-06-25,2024-06-25 10:00:00,2024-06-26 15:00:00,2024-06-26 16:00:00,,,2024-06-24
435,2024-02-08,2024-02-08 20:00:00,,,,,2024-02-05
436,2024-05-19,,,,,,2024-05-13
437,2024-01-10,2024-01-10 12:00:00,2024-01-11 05:00:00,2024-01-12 00:00:00,2024-01-14 06:00:00,102.0,2024-01-08
438,2024-04-04,2024-04-04 06:00:00,2024-04-06 02:00:00,2024-04-07 00:00:00,,,2024-04-01
439,2024-05-29,2024-05-29 03:00:00,2024-05-30 14:00:00,2024-05-31 02:00:00,2024-05-31 11:00:00,59.0,2024-05-27
440,2024-05-21,2024-05-21 17:00:00,,,,,2024-05-20
441,2024-02-07,2024-02-07 18:00:00,,,,,2024-02-05
442,2024-04-20,2024-04-20 17:00:00,2024-04-22 03:00:00,,,,2024-04-15
443,2024-02-02,2024-02-02 18:00:00,,,,,2024-01-29
444,2024-01-11,,,,,,2024-01-08
445,2024-03-19,2024-03-19 01:00:00,2024-03-20 03:00:00,2024-03-20 19:00:00,,,2024-03-18
446,2024-04-03,2024-04-03 02:00:00,2024-04-04 20:00:00,2024-04-05 09:00:00,,,2024-04-01
447,2024-01-11,2024-01-11 12:00:00,2024-01-12 06:00:00,,,,2024-01-08
448,2024-04-01,2024-04-02 00:00:00,2024-04-02 03:00:00,,,,2024-04-01
449,2024-02-23,2024-02-23 12:00:00,,,,,2024-02-19
450,2024-06-23,2024-06-23 03:00:00,2024-06-24 03:00:00,,,,2024-06-17
451,2024-03-04,2024-03-04 08:00:00,2024-03-06 08:00:00,2024-03-07 06:00:00,2024-03-07 20:00:00,92.0,2024-03-04
452,2024-06-19,2024-06-19 19:00:00,2024-06-20 18:00:00,,,,2024-06-17
453,2024-01-27,2024-01-27 05:00:00,2024-01-27 09:00:00,2024-01-27 21:00:00,,,2024-01-22
454,2024-03-31,2024-03-31 18:00:00,,,,,2024-03-25
455,2024-05-23,2024-05-23 11:00:00,2024-05-25 06:00:00,2024-05-25 12:00:00,2024-05-28 00:00:00,120.0,2024-05-20
456,2024-04-14,2024-04-14 23:00:00,2024-04-16 07:00:00,,,,2024-04-08
457,2024-06-07,2024-06-07 21:00:00,2024-06-08 10:00:00,2024-06-08 15:00:00,,,2024-06-03
458,2024-02-09,2024-02-09 03:00:00,2024-02-11 02:00:00,2024-02-11 17:00:00,,,2024-02-05
459,2024-03-01,2024-03-01 02:00:00,2024-03-01 22:00:00,,,,2024-02-26
460,2024-02-11,2024-02-11 07:00:00,2024-02-11 11:00:00,,,,2024-02-05
461,2024-02-15,2024-02-15 07:00:00,2024-02-15 11:00:00,2024-02-15 22:00:00,2024-02-17 14:00:00,62.0,2024-02-12
462,2024-04-15,2024-04-15 17:00:00,,,,,2024-04-15
463,2024-01-07,2024-01-07 13:00:00,2024-01-09 01:00:00,2024-01-09 17:00:00,,,2024-01-01
464,2024-02-15,2024-02-15 09:00:00,2024-02-15 13:00:00,2024-02-16 10:00:00,2024-02-17 11:00:00,59.0,2024-02-12
465,2024-03-26,,,,,,2024-03-25
466,2024-04-15,,,,,,2024-04-15
467,2024-06-20,2024-06-20 10:00:00,,,,,2024-06-17
468,2024-03-04,2024-03-04 12:00:00,,,,,2024-03-04
469,2024-03-09,2024-03-09 02:00:00,2024-03-10 21:00:00,2024-03-11 08:00:00,,,2024-03-04
470,2024-02-10,2024-02-10 09:00:00,2024-02-10 18:00:00,2024-02-11 06:00:00,,,2024-02-05
471,2024-06-28,2024-06-28 14:00:00,2024-06-29 17:00:00,,,,2024-06-24
472,2024-01-28,2024-01-29 00:00:00,2024-01-30 06:00:00,2024-01-30 19:00:00,,,2024-01-22
473,2024-04-07,2024-04-07 11:00:00,2024-04-08 00:00:00,,,,2024-04-01
474,2024-01-10,,,,,,2024-01-08
475,2024-04-30,2024-04-30 16:00:00,2024-05-02 14:00:00,2024-05-03 06:00:00,,,2024-04-29
476,2024-02-26,2024-02-26 12:00:00,2024-02-27 23:00:00,,,,2024-02-26
477,2024-02-21,2024-02-21 09:00:00,2024-02-21 16:00:00,2024-02-22 16:00:00,,,2024-02-19
478,2024-04-27,2024-04-27 14:00:00,2024-04-27 21:00:00,2024-04-28 11:00:00,,,2024-04-22
479,2024-03-30,,,,,,2024-03-25
480,2024-03-19,2024-03-19 20:00:00,,,,,2024-03-18
481,2024-02-28,2024-02-28 06:00:00,,,,,2024-02-26
482,2024-02-27,2024-02-27 18:00:00,2024-02-28 14:00:00,,,,2024-02-26
483,2024-01-07,2024-01-07 11:00:00,2024-01-07 19:00:00,2024-01-07 22:00:00,,,2024-01-01
484,2024-06-17,2024-06-17 11:00:00,,,,,2024-06-17
485,2024-02-19,2024-02-19 22:00:00,2024-02-20 18:00:00,,,,2024-02-19
486,2024-04-12,2024-04-12 10:00:00,2024-04-13 16:00:00,2024-04-14 12:00:00,2024-04-16 19:00:00,115.0,2024-04-08
487,2024-03-25,2024-03-25 06:00:00,2024-03-27 04:00:00,2024-03-27 19:00:00,2024-03-29 16:00:00,112.0,2024-03-25
488,2024-03-12,2024-03-12 15:00:00,2024-03-12 19:00:00,2024-03-13 19:00:00,2024-03-15 17:00:00,89.0,2024-03-11
489,2024-01-18,2024-01-18 20:00:00,2024-01-20 01:00:00,2024-01-20 10:00:00,,,2024-01-15
490,2024-03-12,2024-03-12 21:00:00,2024-03-13 02:00:00,,,,2024-03-11
491,2024-03-30,2024-03-30 03:00:00,2024-03-31 23:00:00,2024-04-01 20:00:00,2024-04-04 00:00:00,120.0,2024-03-25
492,2024-06-13,2024-06-13 12:00:00,2024-06-14 22:00:00,2024-06-15 22:00:00,2024-06-16 19:00:00,91.0,2024-06-10
493,2024-05-10,2024-05-10 01:00:00,,,,,2024-05-06
494,2024-04-12,2024-04-12 05:00:00,2024-04-13 21:00:00,,,,2024-04-08
495,2024-06-22,2024-06-22 22:00:00,2024-06-24 04:00:00,2024-06-24 06:00:00,,,2024-06-17
496,2024-05-17,2024-05-17 05:00:00,2024-05-17 11:00:00,,,,2024-05-13
497,2024-03-25,2024-03-25 08:00:00,,,,,2024-03-25
498,2024-01-08,2024-01-08 21:00:00,2024-01-09 22:00:00,2024-01-10 10:00:00,2024-01-12 12:00:00,108.0,2024-01-08
499,2024-01-30,2024-01-30 19:00:00,2024-01-30 23:00:00,,,,2024-01-29
500,2024-03-07,2024-03-07 20:00:00,2024-03-08 07:00:00,2024-03-09 05:00:00,,,2024-03-04
501,2024-02-15,2024-02-15 15:00:00,2024-02-16 16:00:00,2024-02-17 04:00:00,2024-02-19 13:00:00,109.0,2024-02-12
502,2024-05-28,2024-05-28 03:00:00,2024-05-29 17:00:00,2024-05-29 22:00:00,,,2024-05-27
503,2024-03-08,2024-03-08 17:00:00,2024-03-09 18:00:00,2024-03-10 07:00:00,,,2024-03-04
504,2024-01-10,2024-01-10 11:00:00,,,,,2024-01-08
505,2024-01-28,2024-01-28 21:00:00,2024-01-29 16:00:00,2024-01-30 00:00:00,,,2024-01-22
506,2024-06-01,2024-06-01 04:00:00,,,,,2024-05-27
507,2024-04-21,2024-04-21 01:00:00,2024-04-21 14:00:00,2024-04-22 06:00:00,,,2024-04-15
508,2024-03-29,2024-03-29 17:00:00,,,,,2024-03-25
509,2024-03-21,,,,,,2024-03-18
510,2024-04-21,2024-04-21 13:00:00,2024-04-23 02:00:00,,,,2024-04-15
511,2024-06-04,2024-06-04 04:00:00,,,,,2024-06-03
512,2024-05-10,2024-05-10 09:00:00,2024-05-11 03:00:00,2024-05-12 02:00:00,,,2024-05-06
513,2024-01-30,2024-01-30 15:00:00,2024-01-31 06:00:00,2024-02-01 02:00:00,,,2024-01-29
514,2024-04-08,2024-04-08 10:00:00,2024-04-10 08:00:00,2024-04-11 00:00:00,2024-04-12 02:00:00,98.0,2024-04-08
515,2024-05-27,2024-05-27 04:00:00,2024-05-27 14:00:00,2024-05-27 17:00:00,2024-05-30 03:00:00,75.0,2024-05-27
516,2024-02-18,2024-02-18 06:00:00,2024-02-20 05:00:00,2024-02-20 20:00:00,,,2024-02-12
517,2024-03-06,2024-03-06 03:00:00,2024-03-08 00:00:00,2024-03-08 11:00:00,2024-03-10 08:00:00,104.0,2024-03-04
518,2024-01-12,2024-01-12 23:00:00,2024-01-13 05:00:00,,,,2024-01-08
519,2024-06-30,2024-06-30 18:00:00,2024-07-02 06:00:00,,,,2024-06-24
520,2024-04-21,2024-04-21 10:00:00,2024-04-22 07:00:00,2024-04-22 13:00:00,2024-04-23 12:00:00,60.0,2024-04-15
521,2024-01-01,2024-01-01 12:00:00,2024-01-02 22:00:00,2024-01-03 06:00:00,2024-01-03 22:00:00,70.0,2024-01-01
522,2024-05-13,2024-05-13 07:00:00,2024-05-13 17:00:00,2024-05-14 01:00:00,2024-05-16 17:00:00,89.0,2024-05-13
523,2024-05-17,2024-05-17 01:00:00,2024-05-18 02:00:00,2024-05-18 20:00:00,,,2024-05-13
524,2024-06-24,2024-06-24 19:00:00,2024-06-25 20:00:00,2024-06-26 11:00:00,2024-06-29 10:00:00,130.0,2024-06-24
525,2024-06-20,2024-06-20 05:00:00,,,,,2024-06-17
526,2024-02-20,2024-02-20 20:00:00,2024-02-21 03:00:00,,,,2024-02-19
527,2024-04-03,2024-04-03 03:00:00,2024-04-04 00:00:00,2024-04-04 13:00:00,,,2024-04-01
528,2024-04-20,2024-04-20 23:00:00,2024-04-22 23:00:00,2024-04-23 15:00:00,2024-04-26 11:00:00,155.0,2024-04-15
529,2024-01-18,2024-01-18 14:00:00,2024-01-19 18:00:00,,,,2024-01-15
530,2024-06-19,2024-06-19 19:00:00,2024-06-20 01:00:00,,,,2024-06-17
531,2024-03-25,,,,,,2024-03-25
532,2024-06-08,2024-06-08 05:00:00,2024-06-09 03:00:00,2024-06-10 00:00:00,,,2024-06-03
533,2024-03-21,,,,,,2024-03-18
534,2024-06-18,2024-06-18 03:00:00,,,,,2024-06-17
535,2024-02-01,2024-02-01 15:00:00,2024-02-02 22:00:00,2024-02-03 20:00:00,,,2024-01-29
536,2024-03-17,2024-03-17 17:00:00,,,,,2024-03-11
537,2024-05-09,2024-05-09 12:00:00,2024-05-09 22:00:00,2024-05-10 16:00:00,2024-05-11 16:00:00,64.0,2024-05-06
538,2024-03-20,2024-03-20 05:00:00,2024-03-21 10:00:00,2024-03-22 03:00:00,,,2024-03-18
539,2024-06-19,2024-06-19 02:00:00,2024-06-19 11:00:00,2024-06-20 04:00:00,2024-06-21 00:00:00,48.0,2024-06-17
540,2024-04-14,2024-04-14 10:00:00,2024-04-14 22:00:00,,,,2024-04-08
541,2024-03-24,2024-03-24 06:00:00,,,,,2024-03-18
542,2024-04-13,2024-04-13 11:00:00,2024-04-15 10:00:00,,,,2024-04-08
543,2024-06-27,2024-06-27 08:00:00,,,,,2024-06-24
544,2024-03-16,2024-03-16 12:00:00,,,,,2024-03-11
545,2024-05-21,2024-05-21 17:00:00,,,,,2024-05-20
546,2024-02-02,2024-02-02 10:00:00,2024-02-02 17:00:00,2024-02-03 02:00:00,2024-02-04 04:00:00,52.0,2024-01-29
547,2024-02-19,2024-02-19 21:00:00,2024-02-21 10:00:00,2024-02-21 19:00:00,,,2024-02-19
548,2024-04-17,2024-04-17 05:00:00,,,,,2024-04-15
549,2024-06-19,2024-06-19 21:00:00,,,,,2024-06-17
550,2024-04-07,,,,,,2024-04-01
551,2024-06-22,2024-06-22 10:00:00,2024-06-24 03:00:00,,,,2024-06-17
552,2024-02-14,2024-02-14 18:00:00,2024-02-15 01:00:00,2024-02-15 18:00:00,2024-02-16 16:00:00,64.0,2024-02-12
553,2024-06-06,2024-06-06 19:00:00,2024-06-08 10:00:00,2024-06-08 15:00:00,2024-06-09 13:00:00,85.0,2024-06-03
554,2024-05-25,,,,,,2024-05-20
555,2024-03-18,2024-03-18 22:00:00,,,,,2024-03-18
556,2024-04-13,2024-04-13 20:00:00,2024-04-15 20:00:00,2024-04-16 16:00:00,2024-04-18 12:00:00,132.0,2024-04-08
557,2024-05-20,2024-05-20 19:00:00,2024-05-20 23:00:00,2024-05-21 00:00:00,,,2024-05-20
558,2024-01-01,2024-01-01 03:00:00,2024-01-01 07:00:00,2024-01-02 04:00:00,,,2024-01-01
559,2024-03-18,2024-03-18 19:00:00,2024-03-19 13:00:00,,,,2024-03-18
560,2024-03-14,2024-03-14 21:00:00,2024-03-15 12:00:00,,,,2024-03-11
561,2024-02-23,2024-02-23 19:00:00,2024-02-24 23:00:00,2024-02-25 19:00:00,2024-02-25 23:00:00,71.0,2024-02-19
562,2024-04-20,2024-04-20 16:00:00,2024-04-22 10:00:00,2024-04-23 04:00:00,2024-04-24 18:00:00,114.0,2024-04-15
563,2024-05-28,,,,,,2024-05-27
564,2024-06-04,2024-06-04 21:00:00,2024-06-05 18:00:00,2024-06-06 10:00:00,,,2024-06-03
565,2024-06-16,2024-06-16 08:00:00,2024-06-18 05:00:00,2024-06-18 18:00:00,,,2024-06-10
566,2024-03-23,2024-03-23 10:00:00,2024-03-24 17:00:00,2024-03-24 20:00:00,2024-03-25 04:00:00,52.0,2024-03-18
567,2024-04-29,2024-04-29 06:00:00,2024-04-30 12:00:00,,,,2024-04-29
568,2024-04-23,2024-04-23 14:00:00,2024-04-24 22:00:00,2024-04-25 13:00:00,2024-04-26 16:00:00,88.0,2024-04-22
569,2024-04-23,2024-04-23 11:00:00,,,,,2024-04-22
570,2024-06-21,2024-06-21 20:00:00,2024-06-22 07:00:00,2024-06-22 18:00:00,2024-06-24 11:00:00,83.0,2024-06-17
571,2024-02-24,2024-02-25 00:00:00,,,,,2024-02-19
572,2024-05-10,2024-05-10 12:00:00,,,,,2024-05-06
573,2024-05-01,2024-05-01 13:00:00,2024-05-01 23:00:00,2024-05-02 11:00:00,2024-05-05 05:00:00,101.0,2024-04-29
574,2024-02-13,2024-02-13 18:00:00,2024-02-14 02:00:00,2024-02-14 13:00:00,2024-02-15 20:00:00,68.0,2024-02-12
575,2024-06-17,2024-06-17 15:00:00,2024-06-18 00:00:00,2024-06-18 09:00:00,2024-06-20 19:00:00,91.0,2024-06-17
576,2024-01-22,2024-01-22 08:00:00,2024-01-22 19:00:00,,,,2024-01-22
577,2024-03-13,2024-03-13 04:00:00,,,,,2024-03-11
578,2024-05-11,2024-05-11 02:00:00,2024-05-11 22:00:00,2024-05-12 11:00:00,2024-05-14 17:00:00,89.0,2024-05-06
579,2024-06-18,2024-06-18 08:00:00,,,,,2024-06-17
580,2024-06-11,2024-06-11 06:00:00,,,,,2024-06-10
581,2024-06-07,2024-06-07 11:00:00,2024-06-09 01:00:00,2024-06-10 01:00:00,,,2024-06-03
582,2024-03-26,2024-03-26 11:00:00,2024-03-27 01:00:00,2024-03-27 07:00:00,2024-03-29 23:00:00,95.0,2024-03-25
583,2024-01-24,2024-01-24 17:00:00,2024-01-26 00:00:00,2024-01-26 16:00:00,,,2024-01-22
584,2024-03-01,2024-03-01 10:00:00,2024-03-02 19:00:00,,,,2024-02-26
585,2024-06-21,2024-06-21 01:00:00,2024-06-21 08:00:00,2024-06-21 21:00:00,,,2024-06-17
586,2024-03-20,2024-03-20 17:00:00,2024-03-22 00:00:00,2024-03-22 08:00:00,2024-03-23 12:00:00,84.0,2024-03-18
587,2024-02-27,2024-02-27 19:00:00,2024-02-28 19:00:00,2024-02-28 21:00:00,2024-02-29 04:00:00,52.0,2024-02-26
588,2024-02-20,2024-02-20 10:00:00,2024-02-21 19:00:00,,,,2024-02-19
589,2024-02-07,2024-02-07 20:00:00,2024-02-09 15:00:00,2024-02-10 13:00:00,,,2024-02-05
590,2024-01-07,2024-01-07 16:00:00,,,,,2024-01-01
591,2024-01-12,2024-01-12 10:00:00,2024-01-13 22:00:00,2024-01-13 23:00:00,2024-01-14 13:00:00,61.0,2024-01-08
592,2024-03-03,2024-03-03 14:00:00,,,,,2024-02-26
593,2024-05-01,2024-05-01 05:00:00,2024-05-01 23:00:00,2024-05-02 23:00:00,,,2024-04-29
594,2024-06-05,2024-06-05 12:00:00,2024-06-06 15:00:00,,,,2024-06-03
595,2024-01-19,2024-01-19 12:00:00,2024-01-19 16:00:00,,,,2024-01-15
596,2024-04-26,2024-04-26 13:00:00,2024-04-26 18:00:00,2024-04-27 13:00:00,2024-04-30 13:00:00,109.0,2024-04-22
597,2024-04-16,,,,,,2024-04-15
598,2024-06-10,2024-06-10 07:00:00,2024-06-11 08:00:00,2024-06-12 02:00:00,2024-06-13 15:00:00,87.0,2024-06-10
599,2024-05-27,2024-05-27 03:00:00,,,,,2024-05-27
600,2024-02-19,2024-02-19 13:00:00,2024-02-20 23:00:00,2024-02-21 14:00:00,,,2024-02-19
601,2024-06-27,2024-06-27 18:00:00,2024-06-28 13:00:00,,,,2024-06-24
602,2024-04-08,2024-04-08 20:00:00,,,,,2024-04-08
603,2024-05-06,,,,,,2024-05-06
604,2024-04-12,2024-04-12 22:00:00,,,,,2024-04-08
605,2024-03-03,2024-03-03 20:00:00,,,,,2024-02-26
606,2024-02-07,2024-02-07 04:00:00,,,,,2024-02-05
607,2024-06-16,2024-06-16 05:00:00,2024-06-16 13:00:00,2024-06-17 02:00:00,,,2024-06-10
608,2024-06-25,,,,,,2024-06-24
609,2024-01-02,2024-01-02 12:00:00,2024-01-03 11:00:00,2024-01-04 05:00:00,,,2024-01-01
610,2024-01-28,2024-01-28 12:00:00,2024-01-28 23:00:00,2024-01-29 06:00:00,,,2024-01-22
611,2024-04-18,2024-04-18 20:00:00,2024-04-20 06:00:00,2024-04-20 19:00:00,2024-04-23 12:00:00,132.0,2024-04-15
612,2024-02-26,2024-02-26 02:00:00,2024-02-26 06:00:00,2024-02-26 08:00:00,,,2024-02-26
613,2024-02-15,2024-02-15 05:00:00,,,,,2024-02-12
614,2024-06-27,2024-06-27 23:00:00,2024-06-28 22:00:00,2024-06-29 14:00:00,2024-07-02 09:00:00,129.0,2024-06-24
615,2024-05-12,2024-05-12 15:00:00,,,,,2024-05-06
616,2024-04-28,2024-04-28 05:00:00,2024-04-29 21:00:00,,,,2024-04-22
617,2024-01-13,2024-01-13 17:00:00,2024-01-14 03:00:00,,,,2024-01-08
618,2024-05-22,2024-05-22 11:00:00,2024-05-24 04:00:00,2024-05-24 15:00:00,,,2024-05-20
619,2024-03-04,2024-03-04 06:00:00,2024-03-05 09:00:00,,,,2024-03-04
620,2024-02-01,2024-02-01 20:00:00,2024-02-02 17:00:00,2024-02-03 12:00:00,,,2024-01-29
621,2024-04-26,2024-04-26 11:00:00,2024-04-27 21:00:00,2024-04-28 14:00:00,2024-05-01 11:00:00,131.0,2024-04-22
622,2024-02-04,2024-02-04 16:00:00,,,,,2024-01-29
623,2024-04-28,2024-04-28 23:00:00,2024-04-30 13:00:00,,,,2024-04-22
624,2024-06-19,2024-06-19 10:00:00,2024-06-20 18:00:00,2024-06-20 19:00:00,2024-06-22 19:00:00,91.0,2024-06-17
625,2024-05-15,2024-05-15 11:00:00,2024-05-17 08:00:00,2024-05-17 12:00:00,2024-05-19 18:00:00,114.0,2024-05-13
626,2024-05-23,2024-05-23 19:00:00,2024-05-24 16:00:00,2024-05-25 16:00:00,2024-05-25 20:00:00,68.0,2024-05-20
627,2024-06-01,2024-06-01 20:00:00,2024-06-03 04:00:00,2024-06-03 13:00:00,2024-06-04 19:00:00,91.0,2024-05-27
628,2024-03-22,2024-03-23 00:00:00,2024-03-23 05:00:00,2024-03-24 00:00:00,,,2024-03-18
629,2024-04-23,2024-04-23 16:00:00,,,,,2024-04-22
630,2024-06-05,2024-06-05 06:00:00,2024-06-06 17:00:00,2024-06-07 14:00:00,2024-06-09 15:00:00,111.0,2024-06-03
631,2024-05-09,2024-05-09 05:00:00,2024-05-11 02:00:00,,,,2024-05-06
632,2024-04-19,2024-04-19 08:00:00,2024-04-19 12:00:00,2024-04-20 07:00:00,2024-04-20 22:00:00,46.0,2024-04-15
633,2024-05-20,2024-05-20 07:00:00,2024-05-20 10:00:00,2024-05-21 01:00:00,2024-05-22 18:00:00,66.0,2024-05-20
634,2024-04-24,2024-04-24 14:00:00,,,,,2024-04-22
635,2024-02-10,,,,,,2024-02-05
636,2024-05-01,2024-05-01 05:00:00,2024-05-02 09:00:00,2024-05-03 08:00:00,,,2024-04-29
637,2024-04-25,2024-04-25 07:00:00,2024-04-26 11:00:00,,,,2024-04-22
638,2024-03-07,2024-03-07 17:00:00,2024-03-09 10:00:00,2024-03-10 02:00:00,2024-03-10 10:00:00,82.0,2024-03-04
639,2024-03-04,2024-03-04 23:00:00,2024-03-05 09:00:00,2024-03-06 02:00:00,2024-03-07 05:00:00,77.0,2024-03-04
640,2024-06-12,2024-06-12 18:00:00,2024-06-13 16:00:00,2024-06-14 14:00:00,2024-06-17 04:00:00,124.0,2024-06-10
641,2024-03-11,,,,,,2024-03-11
642,2024-05-13,2024-05-13 17:00:00,2024-05-14 19:00:00,,,,2024-05-13
643,2024-05-04,2024-05-04 11:00:00,2024-05-05 00:00:00,,,,2024-04-29
644,2024-06-09,2024-06-09 15:00:00,2024-06-11 03:00:00,2024-06-11 14:00:00,2024-06-14 12:00:00,132.0,2024-06-03
645,2024-03-02,2024-03-02 12:00:00,2024-03-04 09:00:00,2024-03-05 09:00:00,,,2024-02-26
646,2024-03-11,2024-03-11 22:00:00,2024-03-13 17:00:00,2024-03-14 16:00:00,2024-03-16 02:00:00,122.0,2024-03-11
647,2024-04-22,2024-04-22 20:00:00,2024-04-24 04:00:00,,,,2024-04-22
648,2024-01-20,2024-01-20 07:00:00,2024-01-21 00:00:00,2024-01-21 09:00:00,2024-01-24 09:00:00,105.0,2024-01-15
649,2024-03-14,2024-03-14 10:00:00,,,,,2024-03-11
650,2024-03-01,2024-03-01 08:00:00,2024-03-02 05:00:00,,,,2024-02-26
651,2024-03-10,2024-03-10 10:00:00,,,,,2024-03-04
652,2024-03-26,2024-03-26 23:00:00,2024-03-27 14:00:00,2024-03-28 13:00:00,2024-03-31 04:00:00,124.0,2024-03-25
653,2024-03-22,,,,,,2024-03-18
654,2024-05-18,2024-05-18 11:00:00,2024-05-19 19:00:00,2024-05-20 07:00:00,2024-05-23 07:00:00,127.0,2024-05-13
655,2024-01-21,2024-01-22 00:00:00,2024-01-22 19:00:00,2024-01-23 05:00:00,,,2024-01-15
656,2024-02-05,2024-02-05 04:00:00,,,,,2024-02-05
657,2024-02-08,2024-02-08 19:00:00,2024-02-10 16:00:00,2024-02-11 10:00:00,,,2024-02-05
658,2024-02-29,,,,,,2024-02-26
659,2024-04-08,2024-04-08 13:00:00,2024-04-09 16:00:00,2024-04-10 04:00:00,2024-04-10 23:00:00,71.0,2024-04-08
660,2024-06-26,2024-06-26 10:00:00,,,,,2024-06-24
661,2024-02-09,2024-02-09 02:00:00,2024-02-09 22:00:00,2024-02-10 21:00:00,2024-02-11 08:00:00,56.0,2024-02-05
662,2024-06-29,2024-06-29 12:00:00,2024-06-30 18:00:00,,,,2024-06-24
663,2024-02-24,2024-02-24 21:00:00,2024-02-25 15:00:00,2024-02-26 15:00:00,,,2024-02-19
664,2024-01-17,2024-01-17 16:00:00,2024-01-18 07:00:00,,,,2024-01-15
665,2024-04-16,2024-04-16 07:00:00,2024-04-17 19:00:00,2024-04-18 04:00:00,2024-04-21 04:00:00,124.0,2024-04-15
666,2024-04-14,2024-04-14 23:00:00,,,,,2024-04-08
667,2024-03-25,2024-03-25 09:00:00,2024-03-25 19:00:00,2024-03-25 23:00:00,2024-03-27 06:00:00,54.0,2024-03-25
668,2024-05-18,2024-05-18 08:00:00,2024-05-18 13:00:00,2024-05-19 11:00:00,2024-05-22 07:00:00,103.0,2024-05-13
669,2024-04-29,2024-04-29 08:00:00,2024-05-01 02:00:00,2024-05-01 10:00:00,,,2024-04-29
670,2024-04-16,2024-04-16 02:00:00,2024-04-16 10:00:00,2024-04-17 00:00:00,2024-04-18 19:00:00,67.0,2024-04-15
671,2024-01-16,2024-01-16 23:00:00,2024-01-18 07:00:00,2024-01-18 11:00:00,,,2024-01-15
672,2024-02-22,2024-02-22 22:00:00,,,,,2024-02-19
673,2024-04-17,2024-04-17 05:00:00,2024-04-17 07:00:00,,,,2024-04-15
674,2024-04-09,2024-04-09 18:00:00,2024-04-10 06:00:00,2024-04-10 20:00:00,2024-04-13 09:00:00,105.0,2024-04-08
675,2024-05-29,,,,,,2024-05-27
676,2024-06-27,2024-06-27 16:00:00,2024-06-29 11:00:00,2024-06-29 18:00:00,,,2024-06-24
677,2024-01-06,2024-01-06 10:00:00,2024-01-07 08:00:00,,,,2024-01-01
678,2024-05-27,,,,,,2024-05-27
679,2024-04-07,2024-04-07 10:00:00,2024-04-09 05:00:00,2024-04-09 07:00:00,,,2024-04-01
680,2024-05-02,2024-05-02 03:00:00,2024-05-03 22:00:00,,,,2024-04-29
681,2024-01-02,2024-01-02 19:00:00,,,,,2024-01-01
682,2024-03-31,2024-03-31 08:00:00,2024-04-01 20:00:00,2024-04-02 20:00:00,,,2024-03-25
683,2024-03-17,2024-03-18 00:00:00,,,,,2024-03-11
684,2024-04-09,,,,,,2024-04-08
685,2024-04-17,2024-04-17 02:00:00,,,,,2024-04-15
686,2024-05-17,2024-05-17 06:00:00,2024-05-18 10:00:00,2024-05-18 16:00:00,,,2024-05-13
687,2024-05-19,2024-05-19 02:00:00,2024-05-20 05:00:00,2024-05-20 21:00:00,,,2024-05-13
688,2024-06-03,2024-06-03 06:00:00,,,,,2024-06-03
689,2024-02-26,2024-02-27 00:00:00,2024-02-27 20:00:00,,,,2024-02-26
690,2024-05-04,2024-05-04 02:00:00,,,,,2024-04-29
691,2024-02-26,2024-02-26 01:00:00,2024-02-26 22:00:00,2024-02-27 17:00:00,,,2024-02-26
692,2024-03-10,2024-03-10 20:00:00,2024-03-11 04:00:00,2024-03-11 15:00:00,2024-03-13 04:00:00,76.0,2024-03-04
693,2024-04-21,2024-04-21 15:00:00,2024-04-23 10:00:00,,,,2024-04-15
694,2024-05-04,2024-05-04 18:00:00,2024-05-06 05:00:00,2024-05-06 21:00:00,,,2024-04-29
695,2024-01-08,2024-01-08 05:00:00,2024-01-09 15:00:00,,,,2024-01-08
696,2024-04-09,2024-04-09 15:00:00,2024-04-10 10:00:00,,,,2024-04-08
697,2024-03-27,2024-03-27 07:00:00,2024-03-27 16:00:00,2024-03-28 03:00:00,,,2024-03-25
698,2024-06-20,2024-06-20 06:00:00,2024-06-22 06:00:00,,,,2024-06-17
699,2024-06-22,2024-06-22 15:00:00,2024-06-24 10:00:00,2024-06-24 19:00:00,2024-06-25 19:00:00,91.0,2024-06-17
700,2024-04-13,2024-04-13 01:00:00,2024-04-14 00:00:00,,,,2024-04-08
701,2024-02-12,2024-02-12 10:00:00,2024-02-14 00:00:00,2024-02-14 22:00:00,,,2024-02-12
702,2024-04-29,2024-04-29 07:00:00,,,,,2024-04-29
703,2024-02-02,2024-02-02 06:00:00,2024-02-03 23:00:00,2024-02-04 20:00:00,2024-02-07 00:00:00,120.0,2024-01-29
704,2024-06-08,2024-06-08 14:00:00,2024-06-10 00:00:00,2024-06-10 11:00:00,,,2024-06-03
705,2024-05-16,2024-05-16 03:00:00,,,,,2024-05-13
706,2024-01-07,2024-01-07 13:00:00,2024-01-09 09:00:00,2024-01-09 13:00:00,2024-01-10 13:00:00,85.0,2024-01-01
707,2024-04-10,2024-04-10 05:00:00,2024-04-11 13:00:00,2024-04-12 00:00:00,2024-04-13 08:00:00,80.0,2024-04-08
708,2024-05-31,2024-05-31 01:00:00,,,,,2024-05-27
709,2024-05-24,2024-05-24 09:00:00,,,,,2024-05-20
710,2024-06-18,2024-06-18 13:00:00,2024-06-19 06:00:00,2024-06-19 21:00:00,,,2024-06-17
711,2024-01-07,2024-01-07 09:00:00,2024-01-08 08:00:00,2024-01-08 18:00:00,2024-01-08 20:00:00,44.0,2024-01-01
712,2024-01-22,2024-01-22 09:00:00,,,,,2024-01-22
713,2024-06-13,2024-06-13 21:00:00,2024-06-14 22:00:00,,,,2024-06-10
714,2024-04-19,2024-04-19 23:00:00,2024-04-20 16:00:00,2024-04-20 18:00:00,,,2024-04-15
715,2024-02-04,,,,,,2024-01-29
716,2024-04-28,2024-04-28 22:00:00,,,,,2024-04-22
717,2024-02-16,2024-02-16 04:00:00,,,,,2024-02-12
718,2024-01-13,2024-01-13 15:00:00,,,,,2024-01-08
719,2024-03-07,2024-03-07 10:00:00,,,,,2024-03-04
720,2024-04-07,2024-04-07 06:00:00,2024-04-08 09:00:00,,,,2024-04-01
721,2024-03-24,2024-03-24 22:00:00,,,,,2024-03-18
722,2024-02-24,2024-02-24 17:00:00,2024-02-26 16:00:00,2024-02-27 02:00:00,2024-02-27 18:00:00,90.0,2024-02-19
723,2024-04-26,2024-04-26 21:00:00,2024-04-27 17:00:00,2024-04-28 05:00:00,2024-04-29 10:00:00,82.0,2024-04-22
724,2024-03-24,2024-03-24 08:00:00,2024-03-24 18:00:00,2024-03-25 10:00:00,,,2024-03-18
725,2024-03-27,2024-03-27 05:00:00,,,,,2024-03-25
726,2024-04-07,2024-04-07 15:00:00,2024-04-09 07:00:00,2024-04-09 19:00:00,,,2024-04-01
727,2024-03-12,2024-03-12 14:00:00,2024-03-14 12:00:00,2024-03-15 06:00:00,,,2024-03-11
728,2024-04-17,2024-04-17 16:00:00,2024-04-19 04:00:00,,,,2024-04-15
729,2024-03-05,2024-03-05 22:00:00,2024-03-06 13:00:00,2024-03-06 21:00:00,,,2024-03-04
730,2024-01-21,2024-01-21 22:00:00,2024-01-23 14:00:00,2024-01-23 17:00:00,,,2024-01-15
731,2024-04-30,2024-04-30 17:00:00,,,,,2024-04-29
732,2024-01-05,2024-01-05 15:00:00,2024-01-07 02:00:00,2024-01-08 01:00:00,2024-01-10 00:00:00,120.0,2024-01-01
733,2024-05-18,2024-05-18 03:00:00,2024-05-19 17:00:00,,,,2024-05-13
734,2024-01-14,2024-01-14 04:00:00,,,,,2024-01-08
735,2024-03-30,2024-03-30 02:00:00,2024-03-31 15:00:00,2024-04-01 08:00:00,2024-04-02 10:00:00,82.0,2024-03-25
736,2024-02-27,2024-02-27 19:00:00,2024-02-29 07:00:00,2024-02-29 12:00:00,2024-03-01 10:00:00,82.0,2024-02-26
737,2024-06-15,2024-06-15 11:00:00,2024-06-16 22:00:00,2024-06-17 13:00:00,,,2024-06-10
738,2024-01-18,2024-01-18 04:00:00,2024-01-20 01:00:00,2024-01-20 08:00:00,,,2024-01-15
739,2024-06-15,2024-06-15 23:00:00,2024-06-17 14:00:00,2024-06-18 06:00:00,2024-06-18 18:00:00,90.0,2024-06-10
740,2024-01-11,2024-01-11 17:00:00,2024-01-12 23:00:00,2024-01-13 01:00:00,,,2024-01-08
741,2024-01-08,2024-01-08 15:00:00,2024-01-09 01:00:00,2024-01-09 18:00:00,,,2024-01-08
742,2024-03-04,2024-03-04 14:00:00,2024-03-05 21:00:00,2024-03-06 16:00:00,2024-03-07 00:00:00,72.0,2024-03-04
743,2024-02-21,2024-02-21 18:00:00,2024-02-23 01:00:00,2024-02-23 23:00:00,2024-02-25 15:00:00,111.0,2024-02-19
744,2024-01-06,2024-01-07 00:00:00,,,,,2024-01-01
745,2024-06-08,2024-06-08 01:00:00,2024-06-09 04:00:00,2024-06-09 13:00:00,,,2024-06-03
746,2024-02-09,2024-02-09 01:00:00,2024-02-09 16:00:00,2024-02-10 11:00:00,2024-02-10 21:00:00,45.0,2024-02-05
747,2024-03-02,2024-03-02 02:00:00,2024-03-03 07:00:00,,,,2024-02-26
748,2024-02-02,2024-02-02 12:00:00,2024-02-04 10:00:00,,,,2024-01-29
749,2024-05-01,2024-05-01 03:00:00,2024-05-02 15:00:00,2024-05-02 17:00:00,2024-05-03 02:00:00,50.0,2024-04-29
750,2024-06-20,2024-06-20 16:00:00,,,,,2024-06-17
751,2024-01-30,2024-01-30 02:00:00,2024-01-30 22:00:00,2024-01-31 12:00:00,,,2024-01-29
752,2024-05-24,,,,,,2024-05-20
753,2024-02-25,2024-02-25 06:00:00,2024-02-25 16:00:00,2024-02-26 13:00:00,2024-02-28 19:00:00,91.0,2024-02-19
754,2024-04-29,2024-04-29 12:00:00,2024-04-30 14:00:00,2024-05-01 05:00:00,,,2024-04-29
755,2024-06-28,2024-06-28 13:00:00,2024-06-29 15:00:00,2024-06-29 18:00:00,2024-07-02 16:00:00,112.0,2024-06-24
756,2024-03-06,2024-03-06 05:00:00,2024-03-08 00:00:00,,,,2024-03-04
757,2024-04-04,2024-04-04 12:00:00,2024-04-04 21:00:00,2024-04-05 03:00:00,,,2024-04-01
758,2024-02-12,2024-02-12 18:00:00,2024-02-13 21:00:00,2024-02-14 14:00:00,2024-02-15 07:00:00,79.0,2024-02-12
759,2024-06-04,2024-06-05 00:00:00,2024-06-05 16:00:00,,,,2024-06-03
760,2024-06-04,2024-06-04 01:00:00,,,,,2024-06-03
761,2024-01-30,2024-01-30 01:00:00,2024-01-30 22:00:00,,,,2024-01-29
762,2024-02-11,2024-02-11 15:00:00,2024-02-13 12:00:00,2024-02-14 12:00:00,2024-02-17 10:00:00,154.0,2024-02-05
763,2024-03-20,2024-03-20 14:00:00,2024-03-22 02:00:00,2024-03-22 15:00:00,2024-03-23 21:00:00,93.0,2024-03-18
764,2024-01-28,2024-01-28 08:00:00,2024-01-29 15:00:00,2024-01-30 03:00:00,2024-01-30 23:00:00,71.0,2024-01-22
765,2024-05-28,2024-05-28 09:00:00,2024-05-28 23:00:00,,,,2024-05-27
766,2024-01-07,2024-01-08 00:00:00,2024-01-08 09:00:00,2024-01-08 11:00:00,2024-01-10 17:00:00,89.0,2024-01-01
767,2024-03-20,2024-03-20 20:00:00,,,,,2024-03-18
768,2024-05-27,2024-05-27 01:00:00,,,,,2024-05-27
769,2024-06-22,2024-06-22 08:00:00,,,,,2024-06-17
770,2024-04-06,,,,,,2024-04-01
771,2024-04-11,2024-04-11 07:00:00,2024-04-11 13:00:00,2024-04-11 17:00:00,2024-04-11 22:00:00,22.0,2024-04-08
772,2024-02-20,2024-02-20 15:00:00,2024-02-22 07:00:00,2024-02-23 05:00:00,2024-02-23 12:00:00,84.0,2024-02-19
773,2024-01-20,2024-01-20 08:00:00,2024-01-20 12:00:00,2024-01-21 01:00:00,,,2024-01-15
774,2024-05-31,2024-05-31 15:00:00,2024-06-01 07:00:00,2024-06-02 01:00:00,,,2024-05-27
775,2024-06-25,2024-06-25 07:00:00,2024-06-25 12:00:00,2024-06-25 17:00:00,2024-06-28 10:00:00,82.0,2024-06-24
776,2024-06-09,2024-06-09 10:00:00,2024-06-10 02:00:00,2024-06-11 02:00:00,2024-06-12 19:00:00,91.0,2024-06-03
777,2024-03-03,2024-03-03 19:00:00,,,,,2024-02-26
778,2024-01-27,2024-01-27 20:00:00,2024-01-29 17:00:00,2024-01-30 04:00:00,2024-01-31 11:00:00,107.0,2024-01-22
779,2024-06-27,2024-06-27 10:00:00,2024-06-27 21:00:00,,,,2024-06-24
780,2024-03-18,2024-03-18 22:00:00,2024-03-20 09:00:00,2024-03-20 17:00:00,2024-03-22 22:00:00,118.0,2024-03-18
781,2024-06-24,2024-06-24 10:00:00,2024-06-25 05:00:00,,,,2024-06-24
782,2024-06-02,2024-06-02 02:00:00,2024-06-03 15:00:00,,,,2024-05-27
783,2024-01-31,2024-01-31 19:00:00,,,,,2024-01-29
784,2024-05-24,2024-05-25 00:00:00,,,,,2024-05-20
785,2024-01-11,2024-01-11 06:00:00,,,,,2024-01-08
786,2024-03-29,,,,,,2024-03-25
787,2024-05-16,2024-05-16 21:00:00,,,,,2024-05-13
788,2024-04-19,2024-04-19 22:00:00,2024-04-21 03:00:00,2024-04-21 21:00:00,2024-04-24 13:00:00,133.0,2024-04-15
789,2024-06-18,2024-06-18 02:00:00,2024-06-19 02:00:00,2024-06-19 23:00:00,,,2024-06-17
790,2024-04-04,2024-04-04 22:00:00,2024-04-06 00:00:00,2024-04-06 17:00:00,2024-04-08 10:00:00,106.0,2024-04-01
791,2024-01-18,2024-01-18 23:00:00,2024-01-20 03:00:00,2024-01-20 17:00:00,2024-01-21 13:00:00,85.0,2024-01-15
792,2024-05-09,,,,,,2024-05-06
793,2024-06-14,2024-06-14 10:00:00,2024-06-15 12:00:00,2024-06-15 18:00:00,2024-06-18 15:00:00,111.0,2024-06-10
794,2024-03-28,2024-03-28 16:00:00,2024-03-29 09:00:00,2024-03-29 17:00:00,2024-03-31 08:00:00,80.0,2024-03-25
795,2024-01-04,,,,,,2024-01-01
796,2024-04-17,2024-04-17 23:00:00,2024-04-18 10:00:00,2024-04-19 01:00:00,,,2024-04-15
797,2024-05-05,2024-05-05 02:00:00,2024-05-06 15:00:00,2024-05-07 05:00:00,2024-05-09 11:00:00,107.0,2024-04-29
798,2024-01-28,2024-01-28 18:00:00,2024-01-30 05:00:00,,,,2024-01-22
799,2024-04-20,,,,,,2024-04-15
800,2024-04-02,2024-04-02 05:00:00,2024-04-03 07:00:00,,,,2024-04-01
801,2024-06-11,2024-06-11 08:00:00,,,,,2024-06-10
802,2024-04-27,2024-04-27 09:00:00,,,,,2024-04-22
803,2024-06-30,2024-06-30 07:00:00,,,,,2024-06-24
804,2024-02-09,,,,,,2024-02-05
805,2024-04-21,2024-04-21 11:00:00,2024-04-23 06:00:00,,,,2024-04-15
806,2024-02-15,2024-02-15 03:00:00,,,,,2024-02-12
807,2024-05-13,2024-05-13 15:00:00,2024-05-14 16:00:00,2024-05-14 19:00:00,2024-05-17 16:00:00,112.0,2024-05-13
808,2024-06-15,2024-06-16 00:00:00,2024-06-16 14:00:00,2024-06-16 16:00:00,2024-06-18 03:00:00,75.0,2024-06-10
809,2024-03-10,2024-03-10 13:00:00,,,,,2024-03-04
810,2024-06-06,,,,,,2024-06-03
811,2024-05-17,2024-05-17 22:00:00,,,,,2024-05-13
812,2024-05-03,2024-05-03 20:00:00,2024-05-05 12:00:00,,,,2024-04-29
813,2024-04-29,2024-04-29 02:00:00,2024-04-29 08:00:00,,,,2024-04-29
814,2024-04-21,2024-04-21 07:00:00,,,,,2024-04-15
815,2024-05-31,2024-05-31 19:00:00,2024-06-02 19:00:00,,,,2024-05-27
816,2024-03-09,2024-03-09 22:00:00,2024-03-11 11:00:00,2024-03-11 18:00:00,,,2024-03-04
817,2024-03-23,2024-03-23 16:00:00,2024-03-24 07:00:00,2024-03-24 18:00:00,,,2024-03-18
818,2024-03-03,2024-03-03 10:00:00,2024-03-03 12:00:00,2024-03-03 19:00:00,2024-03-04 20:00:00,44.0,2024-02-26
819,2024-01-23,2024-01-24 00:00:00,2024-01-24 09:00:00,2024-01-25 09:00:00,,,2024-01-22
820,2024-03-12,2024-03-12 16:00:00,,,,,2024-03-11
821,2024-04-25,2024-04-25 08:00:00,,,,,2024-04-22
822,2024-03-03,2024-03-03 23:00:00,2024-03-05 15:00:00,,,,2024-02-26
823,2024-04-28,2024-04-28 23:00:00,2024-04-29 14:00:00,2024-04-30 03:00:00,,,2024-04-22
824,2024-05-25,2024-05-25 08:00:00,2024-05-26 21:00:00,,,,2024-05-20
825,2024-06-05,2024-06-05 11:00:00,2024-06-06 07:00:00,2024-06-06 20:00:00,2024-06-09 08:00:00,104.0,2024-06-03
826,2024-06-20,2024-06-20 18:00:00,2024-06-22 13:00:00,2024-06-23 01:00:00,2024-06-24 17:00:00,113.0,2024-06-17
827,2024-04-07,2024-04-07 09:00:00,2024-04-08 10:00:00,,,,2024-04-01
828,2024-03-27,,,,,,2024-03-25
829,2024-01-08,2024-01-08 17:00:00,,,,,2024-01-08
830,2024-05-06,2024-05-06 16:00:00,2024-05-07 23:00:00,2024-05-08 03:00:00,2024-05-10 16:00:00,112.0,2024-05-06
831,2024-03-24,2024-03-24 11:00:00,2024-03-25 02:00:00,2024-03-25 14:00:00,2024-03-27 07:00:00,79.0,2024-03-18
832,2024-02-16,2024-02-16 14:00:00,2024-02-16 18:00:00,2024-02-17 13:00:00,2024-02-18 18:00:00,66.0,2024-02-12
833,2024-05-04,2024-05-05 00:00:00,,,,,2024-04-29
834,2024-02-24,2024-02-24 05:00:00,,,,,2024-02-19
835,2024-03-31,2024-03-31 01:00:00,2024-03-31 19:00:00,2024-04-01 13:00:00,,,2024-03-25
836,2024-03-07,,,,,,2024-03-04
837,2024-03-28,2024-03-28 19:00:00,2024-03-30 10:00:00,2024-03-31 10:00:00,2024-04-02 16:00:00,136.0,2024-03-25
838,2024-03-12,2024-03-12 10:00:00,2024-03-12 21:00:00,2024-03-13 04:00:00,2024-03-14 23:00:00,71.0,2024-03-11
839,2024-06-01,2024-06-01 08:00:00,2024-06-02 10:00:00,2024-06-03 05:00:00,2024-06-04 13:00:00,85.0,2024-05-27
840,2024-06-28,2024-06-28 16:00:00,,,,,2024-06-24
841,2024-03-11,2024-03-11 18:00:00,2024-03-13 13:00:00,2024-03-14 11:00:00,2024-03-16 07:00:00,127.0,2024-03-11
842,2024-05-22,2024-05-22 09:00:00,2024-05-23 18:00:00,2024-05-24 18:00:00,2024-05-27 09:00:00,129.0,2024-05-20
843,2024-01-03,2024-01-03 15:00:00,2024-01-04 03:00:00,2024-01-05 03:00:00,,,2024-01-01
844,2024-05-12,2024-05-12 12:00:00,2024-05-13 00:00:00,2024-05-13 05:00:00,2024-05-16 03:00:00,99.0,2024-05-06
845,2024-02-18,2024-02-18 16:00:00,2024-02-19 05:00:00,2024-02-19 23:00:00,,,2024-02-12
846,2024-01-22,2024-01-22 21:00:00,2024-01-23 02:00:00,,,,2024-01-22
847,2024-03-02,2024-03-02 17:00:00,2024-03-02 21:00:00,2024-03-03 00:00:00,2024-03-03 07:00:00,31.0,2024-02-26
848,2024-04-14,2024-04-14 01:00:00,2024-04-15 05:00:00,,,,2024-04-08
849,2024-05-05,2024-05-05 05:00:00,2024-05-06 23:00:00,,,,2024-04-29
850,2024-05-22,2024-05-22 08:00:00,,,,,2024-05-20
851,2024-03-02,2024-03-02 03:00:00,2024-03-04 02:00:00,2024-03-04 07:00:00,2024-03-04 09:00:00,57.0,2024-02-26
852,2024-06-25,2024-06-25 07:00:00,2024-06-26 17:00:00,2024-06-27 08:00:00,2024-06-29 08:00:00,104.0,2024-06-24
853,2024-05-01,2024-05-01 02:00:00,2024-05-02 19:00:00,,,,2024-04-29
854,2024-06-14,2024-06-14 21:00:00,,,,,2024-06-10
855,2024-05-05,2024-05-05 22:00:00,2024-05-07 15:00:00,2024-05-08 07:00:00,,,2024-04-29
856,2024-04-24,2024-04-24 22:00:00,2024-04-26 07:00:00,2024-04-26 08:00:00,,,2024-04-22
857,2024-01-05,2024-01-05 01:00:00,2024-01-06 13:00:00,2024-01-07 07:00:00,2024-01-09 12:00:00,108.0,2024-01-01
858,2024-01-24,2024-01-24 01:00:00,2024-01-24 04:00:00,2024-01-24 21:00:00,,,2024-01-22
859,2024-03-16,2024-03-17 00:00:00,,,,,2024-03-11
860,2024-02-26,2024-02-26 09:00:00,2024-02-27 21:00:00,2024-02-28 07:00:00,2024-02-28 10:00:00,58.0,2024-02-26
861,2024-04-13,2024-04-13 17:00:00,2024-04-15 15:00:00,2024-04-16 13:00:00,,,2024-04-08
862,2024-06-26,2024-06-26 14:00:00,2024-06-27 03:00:00,2024-06-27 07:00:00,,,2024-06-24
863,2024-03-03,2024-03-03 04:00:00,2024-03-04 15:00:00,2024-03-04 20:00:00,,,2024-02-26
864,2024-03-19,2024-03-19 08:00:00,,,,,2024-03-18
865,2024-06-18,2024-06-18 07:00:00,2024-06-20 00:00:00,2024-06-20 17:00:00,2024-06-22 02:00:00,98.0,2024-06-17
866,2024-05-28,2024-05-28 12:00:00,2024-05-29 07:00:00,,,,2024-05-27
867,2024-04-04,2024-04-04 13:00:00,2024-04-04 20:00:00,2024-04-05 08:00:00,2024-04-07 12:00:00,84.0,2024-04-01
868,2024-05-01,2024-05-01 15:00:00,2024-05-03 05:00:00,2024-05-03 13:00:00,2024-05-04 18:00:00,90.0,2024-04-29
869,2024-05-21,2024-05-21 10:00:00,2024-05-23 07:00:00,2024-05-23 10:00:00,2024-05-23 15:00:00,63.0,2024-05-20
870,2024-05-15,,,,,,2024-05-13
871,2024-03-29,2024-03-29 03:00:00,2024-03-30 06:00:00,2024-03-30 19:00:00,,,2024-03-25
872,2024-04-18,2024-04-18 13:00:00,2024-04-20 02:00:00,,,,2024-04-15
873,2024-05-20,2024-05-20 16:00:00,2024-05-20 21:00:00,,,,2024-05-20
874,2024-03-25,2024-03-25 21:00:00,2024-03-25 23:00:00,2024-03-26 22:00:00,2024-03-27 20:00:00,68.0,2024-03-25
875,2024-03-31,2024-03-31 03:00:00,,,,,2024-03-25
876,2024-06-28,2024-06-28 16:00:00,2024-06-29 21:00:00,2024-06-30 18:00:00,2024-07-02 13:00:00,109.0,2024-06-24
877,2024-04-26,2024-04-26 19:00:00,2024-04-27 03:00:00,,,,2024-04-22
878,2024-03-10,2024-03-10 17:00:00,2024-03-10 21:00:00,,,,2024-03-04
879,2024-03-19,2024-03-19 08:00:00,,,,,2024-03-18
880,2024-03-05,2024-03-05 07:00:00,2024-03-07 05:00:00,2024-03-08 00:00:00,2024-03-10 13:00:00,133.0,2024-03-04
881,2024-02-29,2024-02-29 09:00:00,2024-02-29 13:00:00,2024-02-29 16:00:00,,,2024-02-26
882,2024-01-31,2024-01-31 22:00:00,2024-02-01 17:00:00,,,,2024-01-29
883,2024-02-19,,,,,,2024-02-19
884,2024-03-21,2024-03-21 18:00:00,,,,,2024-03-18
885,2024-01-31,2024-01-31 19:00:00,,,,,2024-01-29
886,2024-05-17,2024-05-17 22:00:00,2024-05-18 02:00:00,2024-05-18 08:00:00,2024-05-20 01:00:00,73.0,2024-05-13
887,2024-06-25,2024-06-25 01:00:00,2024-06-25 16:00:00,,,,2024-06-24
888,2024-02-17,2024-02-17 19:00:00,2024-02-18 06:00:00,,,,2024-02-12
889,2024-02-19,2024-02-19 23:00:00,2024-02-21 02:00:00,2024-02-21 05:00:00,2024-02-22 20:00:00,92.0,2024-02-19
890,2024-02-25,2024-02-25 06:00:00,,,,,2024-02-19
891,2024-05-03,2024-05-03 19:00:00,2024-05-04 12:00:00,,,,2024-04-29
892,2024-03-11,2024-03-11 19:00:00,2024-03-12 21:00:00,2024-03-13 19:00:00,2024-03-16 17:00:00,137.0,2024-03-11
893,2024-05-30,2024-05-30 11:00:00,2024-05-31 13:00:00,2024-06-01 13:00:00,,,2024-05-27
894,2024-05-14,2024-05-14 05:00:00,2024-05-16 03:00:00,2024-05-17 03:00:00,,,2024-05-13
895,2024-06-01,2024-06-01 03:00:00,2024-06-02 13:00:00,,,,2024-05-27
896,2024-03-13,2024-03-14 00:00:00,2024-03-15 00:00:00,2024-03-15 02:00:00,2024-03-15 15:00:00,63.0,2024-03-11
897,2024-01-26,2024-01-26 14:00:00,2024-01-27 06:00:00,2024-01-27 09:00:00,2024-01-29 05:00:00,77.0,2024-01-22
898,2024-02-19,2024-02-19 20:00:00,,,,,2024-02-19
899,2024-03-16,2024-03-16 20:00:00,,,,,2024-03-11
900,2024-02-28,2024-02-28 20:00:00,,,,,2024-02-26
901,2024-04-02,2024-04-02 13:00:00,,,,,2024-04-01
902,2024-02-15,,,,,,2024-02-12
903,2024-03-18,2024-03-18 11:00:00,,,,,2024-03-18
904,2024-01-04,2024-01-04 01:00:00,2024-01-05 19:00:00,2024-01-06 04:00:00,2024-01-08 14:00:00,110.0,2024-01-01
905,2024-06-30,2024-06-30 16:00:00,2024-07-01 08:00:00,,,,2024-06-24
906,2024-05-16,2024-05-16 12:00:00,,,,,2024-05-13
907,2024-02-02,,,,,,2024-01-29
908,2024-03-11,,,,,,2024-03-11
909,2024-01-12,,,,,,2024-01-08
910,2024-01-14,2024-01-14 18:00:00,,,,,2024-01-08
911,2024-05-21,2024-05-21 13:00:00,2024-05-22 18:00:00,2024-05-23 00:00:00,,,2024-05-20
912,2024-03-15,2024-03-15 22:00:00,2024-03-17 13:00:00,2024-03-18 11:00:00,2024-03-20 12:00:00,132.0,2024-03-11
913,2024-06-27,2024-06-27 03:00:00,,,,,2024-06-24
914,2024-02-02,2024-02-02 20:00:00,2024-02-03 16:00:00,2024-02-04 00:00:00,2024-02-04 10:00:00,58.0,2024-01-29
915,2024-06-12,,,,,,2024-06-10
916,2024-05-05,2024-05-05 03:00:00,2024-05-05 22:00:00,2024-05-06 03:00:00,2024-05-08 04:00:00,76.0,2024-04-29
917,2024-01-27,2024-01-27 23:00:00,2024-01-29 17:00:00,2024-01-29 22:00:00,2024-02-01 00:00:00,120.0,2024-01-22
918,2024-01-04,2024-01-04 11:00:00,2024-01-05 12:00:00,2024-01-05 16:00:00,2024-01-06 04:00:00,52.0,2024-01-01
919,2024-05-26,2024-05-26 01:00:00,2024-05-26 22:00:00,,,,2024-05-20
920,2024-03-13,,,,,,2024-03-11
921,2024-04-30,2024-04-30 15:00:00,,,,,2024-04-29
922,2024-05-02,2024-05-02 12:00:00,2024-05-03 07:00:00,,,,2024-04-29
923,2024-04-22,,,,,,2024-04-22
924,2024-03-28,,,,,,2024-03-25
925,2024-02-17,2024-02-17 04:00:00,2024-02-17 14:00:00,,,,2024-02-12
926,2024-01-14,2024-01-14 03:00:00,2024-01-14 16:00:00,2024-01-15 06:00:00,,,2024-01-08
927,2024-03-05,2024-03-05 15:00:00,2024-03-07 04:00:00,,,,2024-03-04
928,2024-05-02,2024-05-02 18:00:00,2024-05-04 04:00:00,2024-05-04 18:00:00,2024-05-05 08:00:00,80.0,2024-04-29
929,2024-01-30,2024-01-30 01:00:00,2024-01-30 08:00:00,,,,2024-01-29
930,2024-01-17,2024-01-17 12:00:00,,,,,2024-01-15
931,2024-04-12,2024-04-12 18:00:00,2024-04-13 01:00:00,2024-04-13 21:00:00,2024-04-15 15:00:00,87.0,2024-04-08
932,2024-05-05,2024-05-05 13:00:00,2024-05-05 15:00:00,2024-05-06 01:00:00,,,2024-04-29
933,2024-01-19,,,,,,2024-01-15
934,2024-05-27,2024-05-27 14:00:00,2024-05-28 16:00:00,,,,2024-05-27
935,2024-06-10,2024-06-10 03:00:00,2024-06-12 03:00:00,2024-06-12 21:00:00,2024-06-14 05:00:00,101.0,2024-06-10
936,2024-06-24,2024-06-24 19:00:00,2024-06-26 06:00:00,,,,2024-06-24
937,2024-01-14,2024-01-14 06:00:00,2024-01-16 03:00:00,2024-01-16 16:00:00,,,2024-01-08
938,2024-02-08,2024-02-08 06:00:00,2024-02-08 16:00:00,,,,2024-02-05
939,2024-02-08,2024-02-08 09:00:00,2024-02-09 06:00:00,2024-02-09 15:00:00,,,2024-02-05
940,2024-05-24,2024-05-24 16:00:00,2024-05-25 03:00:00,,,,2024-05-20
941,2024-03-18,2024-03-18 03:00:00,2024-03-18 15:00:00,2024-03-19 05:00:00,2024-03-20 17:00:00,65.0,2024-03-18
942,2024-01-22,2024-01-22 14:00:00,,,,,2024-01-22
943,2024-03-04,2024-03-04 10:00:00,2024-03-05 18:00:00,2024-03-05 21:00:00,2024-03-07 20:00:00,92.0,2024-03-04
944,2024-01-31,,,,,,2024-01-29
945,2024-05-22,2024-05-22 09:00:00,2024-05-23 02:00:00,2024-05-24 02:00:00,2024-05-26 18:00:00,114.0,2024-05-20
946,2024-04-16,2024-04-16 20:00:00,2024-04-18 13:00:00,,,,2024-04-15
947,2024-06-04,2024-06-04 07:00:00,2024-06-05 14:00:00,,,,2024-06-03
948,2024-06-01,2024-06-01 04:00:00,2024-06-01 14:00:00,2024-06-02 00:00:00,2024-06-02 01:00:00,25.0,2024-05-27
949,2024-06-07,2024-06-07 13:00:00,,,,,2024-06-03
950,2024-02-27,2024-02-27 11:00:00,2024-02-29 04:00:00,,,,2024-02-26
951,2024-05-13,2024-05-13 13:00:00,,,,,2024-05-13
952,2024-04-07,2024-04-07 11:00:00,2024-04-08 17:00:00,2024-04-09 04:00:00,,,2024-04-01
953,2024-04-25,2024-04-25 14:00:00,2024-04-27 09:00:00,,,,2024-04-22
954,2024-04-23,2024-04-23 20:00:00,,,,,2024-04-22
955,2024-03-17,2024-03-17 05:00:00,,,,,2024-03-11
956,2024-05-30,2024-05-30 10:00:00,2024-05-31 08:00:00,2024-06-01 04:00:00,2024-06-02 06:00:00,78.0,2024-05-27
957,2024-04-19,2024-04-19 16:00:00,,,,,2024-04-15
958,2024-03-19,2024-03-19 11:00:00,2024-03-20 00:00:00,2024-03-20 13:00:00,2024-03-22 06:00:00,78.0,2024-03-18
959,2024-05-25,,,,,,2024-05-20
960,2024-06-07,2024-06-07 10:00:00,2024-06-09 08:00:00,,,,2024-06-03
961,2024-01-16,2024-01-16 21:00:00,,,,,2024-01-15
962,2024-06-05,2024-06-05 16:00:00,2024-06-07 06:00:00,,,,2024-06-03
963,2024-01-26,2024-01-26 08:00:00,,,,,2024-01-22
964,2024-02-23,2024-02-23 11:00:00,2024-02-24 13:00:00,2024-02-24 22:00:00,,,2024-02-19
965,2024-06-09,2024-06-09 13:00:00,2024-06-10 14:00:00,,,,2024-06-03
966,2024-02-24,2024-02-24 04:00:00,,,,,2024-02-19
967,2024-03-08,2024-03-08 19:00:00,2024-03-09 09:00:00,2024-03-10 04:00:00,,,2024-03-04
968,2024-06-18,2024-06-18 18:00:00,2024-06-19 07:00:00,2024-06-20 05:00:00,,,2024-06-17
969,2024-01-21,2024-01-21 18:00:00,2024-01-21 21:00:00,,,,2024-01-15
970,2024-02-10,2024-02-11 00:00:00,2024-02-12 07:00:00,,,,2024-02-05
971,2024-03-02,2024-03-02 23:00:00,2024-03-03 14:00:00,,,,2024-02-26
972,2024-02-14,2024-02-14 15:00:00,2024-02-15 11:00:00,,,,2024-02-12
973,2024-05-21,2024-05-21 23:00:00,2024-05-22 05:00:00,,,,2024-05-20
974,2024-01-20,2024-01-20 14:00:00,2024-01-22 11:00:00,2024-01-23 03:00:00,,,2024-01-15
975,2024-02-10,2024-02-10 05:00:00,2024-02-11 23:00:00,2024-02-12 09:00:00,,,2024-02-05
976,2024-01-01,2024-01-01 08:00:00,,,,,2024-01-01
977,2024-04-14,2024-04-14 09:00:00,2024-04-16 05:00:00,2024-04-16 10:00:00,,,2024-04-08
978,2024-04-25,,,,,,2024-04-22
979,2024-06-25,2024-06-25 23:00:00,2024-06-27 04:00:00,2024-06-27 17:00:00,2024-06-28 03:00:00,75.0,2024-06-24
980,2024-06-01,2024-06-01 15:00:00,2024-06-03 07:00:00,2024-06-03 23:00:00,,,2024-05-27
981,2024-04-30,2024-04-30 19:00:00,2024-05-01 22:00:00,2024-05-02 16:00:00,2024-05-05 09:00:00,129.0,2024-04-29
982,2024-03-15,2024-03-15 23:00:00,2024-03-17 03:00:00,2024-03-17 21:00:00,,,2024-03-11
983,2024-01-09,2024-01-09 02:00:00,2024-01-10 03:00:00,2024-01-11 02:00:00,,,2024-01-08
984,2024-02-29,2024-02-29 18:00:00,2024-03-02 10:00:00,2024-03-03 07:00:00,2024-03-03 18:00:00,90.0,2024-02-26
985,2024-03-14,2024-03-14 04:00:00,,,,,2024-03-11
986,2024-06-29,2024-06-29 08:00:00,2024-07-01 04:00:00,2024-07-02 02:00:00,2024-07-04 00:00:00,120.0,2024-06-24
987,2024-03-13,,,,,,2024-03-11
988,2024-06-28,2024-06-28 06:00:00,2024-06-30 01:00:00,2024-06-30 21:00:00,,,2024-06-24
989,2024-04-26,2024-04-26 02:00:00,2024-04-27 16:00:00,,,,2024-04-22
990,2024-01-19,2024-01-19 21:00:00,2024-01-21 18:00:00,2024-01-22 15:00:00,2024-01-24 19:00:00,139.0,2024-01-15
991,2024-06-24,2024-06-24 11:00:00,2024-06-25 16:00:00,2024-06-25 20:00:00,2024-06-25 22:00:00,46.0,2024-06-24
992,2024-02-29,2024-02-29 04:00:00,2024-02-29 22:00:00,,,,2024-02-26
993,2024-03-08,2024-03-08 08:00:00,2024-03-09 18:00:00,2024-03-10 18:00:00,,,2024-03-04
994,2024-06-09,2024-06-09 17:00:00,2024-06-11 06:00:00,2024-06-12 01:00:00,,,2024-06-03
995,2024-05-30,2024-05-30 23:00:00,2024-06-01 13:00:00,2024-06-01 21:00:00,,,2024-05-27
996,2024-06-18,2024-06-18 15:00:00,2024-06-19 16:00:00,,,,2024-06-17
997,2024-02-20,2024-02-20 13:00:00,2024-02-21 20:00:00,2024-02-22 18:00:00,2024-02-25 11:00:00,131.0,2024-02-19
998,2024-04-18,2024-04-18 05:00:00,,,,,2024-04-15
999,2024-01-30,2024-01-30 12:00:00,2024-01-30 15:00:00,,,,2024-01-29
1000,2024-05-19,2024-05-19 16:00:00,,,,,2024-05-13
